Term,Frequency
people,639
skin,510
black,500
white,406
like,394
woman,354
video,224
hair,223
beauty,219
look,207
racist,182
even,169
want,163
make,158
girl,152
love,150
racism,150
dark,149
know,144
beautiful,140
race,134
light,134
makeup,133
thing,131
see,129
dont,126
really,125
say,125
color,124
never,120
time,118
men,115
way,112
industry,104
need,104
always,101
life,99
person,99
skinned,98
much,95
still,95
product,94
colorism,89
matter,87
model,86
stop,83
lot,82
come,79
man,76
many,76
problem,74
different,74
someone,73
good,71
ï¸,71
issue,71
care,71
asian,70
that's,69
prom,69
everyone,68
ğŸ˜‚,67
something,67
well,67
darker,67
pretty,66
standard,66
human,65
said,65
going,64
better,64
â¤,63
culture,63
guy,63
great,62
world,62
hate,61
find,61
american,60
mean,59
day,58
change,58
tone,57
use,57
year,56
right,56
lighter,56
real,55
face,55
first,55
actually,55
ever,54
could,54
wear,54
please,54
let,54
brown,54
saying,54
work,53
made,53
wrong,53
country,53
bad,52
understand,50
show,50
indian,50
back,49
vogue,49
take,48
every,48
keep,48
doe,48
anyone,48
word,47
african,47
point,46
can't,46
company,46
anything,46
enough,46
i've,46
used,46
talk,45
society,44
trying,44
job,44
thought,44
getting,42
lol,42
thats,41
nothing,41
school,41
oh,41
sad,40
america,40
hard,40
medium,39
comment,39
brand,39
put,39
attractive,38
social,38
especially,38
whitening,38
called,38
name,38
others,37
got,37
youre,37
business,37
part,37
based,37
though,36
ad,36
seen,36
tan,36
using,36
talking,36
god,36
cant,35
else,35
long,35
everything,35
community,35
fact,35
since,35
big,35
latino,35
live,34
maybe,34
reason,34
sure,34
history,34
mixed,34
discrimination,34
bleaching,34
true,33
topic,33
ive,33
new,33
making,33
another,33
â€¦,33
etc,32
end,32
tell,32
wow,32
wearing,32
feature,31
literally,31
european,31
eye,31
speak,31
self,31
natural,31
colour,31
experience,30
ğŸ¤£,30
ğŸ‘ğŸ¾,30
fair,30
done,30
start,30
certain,30
diversity,30
store,30
kid,30
they're,30
family,30
gender,30
cream,30
give,29
without,29
place,29
movie,29
less,29
watch,29
try,29
racial,29
group,29
example,29
kind,29
privilege,29
yes,28
glad,28
watching,28
shade,28
type,28
whole,28
ğŸ‘,28
pale,28
size,28
india,28
latin,28
ğŸ˜,27
doesnt,27
important,27
little,27
folk,27
there's,27
around,27
gorgeous,26
friend,26
considered,26
dress,25
truth,25
looking,25
fashion,25
sephora,25
either,25
rather,25
funny,25
call,25
character,25
latinx,25
old,24
amazing,24
become,24
best,24
help,24
must,24
hispanic,24
south,24
mexican,24
colourism,24
young,23
agree,23
found,23
heard,23
stereotype,23
cause,23
body,23
weird,23
however,23
opinion,22
sorry,22
believe,22
b,22
far,22
two,22
lady,22
probably,22
label,22
tanning,22
majority,21
high,21
nice,21
age,21
<b>,21
</b>,21
difference,21
question,21
bit,21
wish,21
lmao,21
male,21
prefer,21
complexion,21
buy,21
almost,20
saw,20
yet,20
subject,20
bias,20
sometimes,20
treated,20
exist,20
asked,20
line,19
ğŸ˜­,19
sound,19
learn,19
what's,19
speaking,19
view,19
thanks,19
started,19
interesting,19
usually,19
sexist,19
ai,19
computer,19
may,18
damn,18
yeah,18
ethnicity,18
already,18
hear,18
past,18
foundation,18
youtube,18
went,18
full,18
kinda,18
behavior,18
working,18
truly,18
money,18
ok,18
equality,18
instead,18
isnt,18
told,18
blue,17
small,17
lip,17
within,17
support,17
conversation,17
ridiculous,17
chinese,17
proud,17
ago,17
hyram,17
honestly,17
came,17
population,17
side,17
ugly,17
study,17
thinking,17
sister,17
bleach,17
wanted,17
half,17
power,17
chhu,17
date,17
pantene,17
stupid,17
seems,17
wonder,17
idea,16
lie,16
africa,16
ppl,16
);,16
heart,16
taking,16
perfect,16
respect,16
happy,16
baby,16
definitely,16
shit,16
state,16
stuff,16
complaining,16
story,16
took,16
absolutely,16
term,16
left,16
boy,16
short,16
didnt,16
game,16
often,16
seem,16
movement,16
super,16
last,15
personally,15
preference,15
level,15
sense,15
magazine,15
channel,15
imagine,15
minority,15
trend,15
content,15
r,15
outside,15
worked,15
least,15
sell,15
crazy,15
mostly,15
together,15
extremely,15
reality,15
dude,15
n,15
straight,15
equal,15
ğŸ™„,15
whatever,15
grow,15
usa,15
sun,15
east,15
language,15
famous,15
supply,15
seriously,14
deal,14
hurt,14
turned,14
accept,14
victim,14
feeling,14
attention,14
rich,14
unless,14
mind,14
:),14
whats,14
couple,14
looksmaxxing,14
middle,14
bc,14
fuck,14
awesome,14
team,14
yall,14
cannot,14
spanish,14
behind,14
ğŸ˜…,14
biased,14
might,14
plus,14
episode,14
nobody,14
ã€‚,14
ethnic,14
fit,14
que,14
shopping,13
hairstyle,13
insecurity,13
choice,13
pay,13
normal,13
fake,13
voice,13
guess,13
wanna,13
market,13
completely,13
today,13
female,13
fun,13
wait,13
older,13
skincare,13
cool,13
customer,13
common,13
hire,13
basically,13
hand,13
wouldnt,13
realize,13
dating,13
able,13
including,13
forget,13
felt,13
position,13
allowed,13
gonna,13
cover,13
explain,13
role,13
clear,13
representation,13
poor,13
changed,13
style,13
next,13
caste,13
bond,13
arent,12
head,12
ur,12
weave,12
green,12
expect,12
growing,12
create,12
remember,12
sharing,12
loved,12
blm,12
shirt,12
hope,12
area,12
excuse,12
braid,12
seeing,12
experienced,12
whether,12
individual,12
mom,12
system,12
born,12
created,12
calling,12
everywhere,12
employee,12
followed,12
let's,12
complain,12
set,12
touch,12
queen,12
native,12
interview,12
due,12
animal,12
anok,12
asking,12
none,11
worse,11
blame,11
curly,11
correct,11
cry,11
artist,11
bringing,11
mad,11
free,11
coming,11
choose,11
stay,11
okay,11
away,11
hey,11
among,11
tend,11
confident,11
gave,11
appearance,11
student,11
teen,11
strong,11
>8:,11
music,11
given,11
commercial,11
single,11
ğŸ”¥,11
double,11
push,11
healthy,11
irony,11
simply,11
clothes,11
follow,11
treat,11
poc,11
looked,11
minute,11
everybody,11
changing,11
liberal,11
amount,11
acne,11
wtf,11
fucking,11
code,11
puerto,11
effect,11
lightening,11
asia,11
economist,11
fine,10
personal,10
ğŸ‘,10
regardless,10
course,10
west,10
naturally,10
low,10
simple,10
form,10
hired,10
appreciate,10
fan,10
caucasian,10
soon,10
showed,10
series,10
woke,10
i'd,10
guru,10
corporate,10
send,10
known,10
tho,10
research,10
joke,10
non,10
towards,10
noticed,10
rest,10
james,10
run,10
younger,10
sick,10
class,10
living,10
huge,10
light-skinned,10
lightskin,10
claim,10
theyre,10
actor,10
longer,10
college,10
percent,10
moment,10
wig,10
brought,10
news,10
act,10
alek,10
awareness,10
future,10
picture,10
cassandra,10
child,10
colorist,10
munroe,10
force,9
alot,9
attracted,9
exactly,9
judge,9
modern,9
ğŸ¥°,9
pure,9
top,9
obvious,9
tv,9
talked,9
hi,9
across,9
learned,9
bother,9
gotta,9
recently,9
week,9
quite,9
target,9
finally,9
late,9
entire,9
finding,9
comfortable,9
anyway,9
share,9
actual,9
trait,9
alone,9
europe,9
century,9
main,9
pas,9
era,9
cope,9
disorder,9
hating,9
likely,9
later,9
second,9
book,9
beat,9
forced,9
ğŸ’€,9
darkskin,9
stand,9
judged,9
general,9
ğŸ˜Š,9
parent,9
trash,9
mother,9
smh,9
negative,9
understanding,9
walk,9
anymore,9
module,9
equally,9
advertisement,9
powerful,9
dumb,9
shown,9
happens,9
apparently,9
action,9
whenever,9
ã€,9
john,9
telling,9
consider,9
obviously,9
designer,9
shes,9
discriminated,9
diverse,9
gone,9
totally,9
confused,9
korean,9
cut,9
speech,8
decide,8
responsible,8
average,8
value,8
compared,8
ya,8
playing,8
w,8
exists,8
check,8
blk,8
son,8
norm,8
watched,8
early,8
three,8
possible,8
became,8
affect,8
move,8
inclusive,8
current,8
result,8
open,8
happened,8
mention,8
city,8
forward,8
root,8
data,8
physically,8
harsh,8
mentioned,8
add,8
random,8
obsessed,8
meant,8
genocide,8
bullshit,8
jew,8
war,8
toxic,8
cultural,8
recent,8
financial,8
y'all,8
biracial,8
slave,8
apply,8
identify,8
summer,8
case,8
bossy,8
showing,8
deep,8
leader,8
oppressed,8
met,8
leadership,8
struggle,8
shop,8
united,8
fix,8
higher,8
. . .,8
save,8
clip,8
clown,8
blood,8
perspective,8
nonsense,8
â€¢,8
idiot,8
education,8
chance,8
tall,8
ğŸ‘ğŸ½,8
problematic,8
lovely,8
respectful,8
western,8
spot,8
adesuwa,8
hilarious,8
similar,8
wore,8
accepted,8
worst,7
agenda,7
health,7
neutral,7
intelligent,7
play,7
feminine,7
f,7
idk,7
brain,7
helping,7
spread,7
easier,7
we're,7
situation,7
tried,7
hated,7
ğŸ’•,7
omg,7
along,7
people's,7
playlist,7
sort,7
close,7
heavy,7
facial,7
taken,7
they'll,7
disgusting,7
factor,7
belief,7
ignore,7
bro,7
cu,7
fully,7
honest,7
jesus,7
project,7
concept,7
needed,7
awful,7
tired,7
fat,7
genuinely,7
brother,7
science,7
unattractive,7
biological,7
multiple,7
running,7
vitiligo,7
law,7
p,7
earth,7
taught,7
disagree,7
adult,7
married,7
heritage,7
suck,7
image,7
perceived,7
order,7
member,7
la,7
horrible,7
affected,7
process,7
online,7
ten,7
number,7
religion,7
confidence,7
:(,7
happen,7
relationship,7
percentage,7
mirror,7
hold,7
figure,7
political,7
yellow,7
corporation,7
japanese,7
hiring,7
lower,7
segregation,7
anybody,7
dead,7
break,7
cancel,7
btw,7
wek,7
ğŸ˜±,7
damage,7
bollywood,7
salem,7
google,7
hollywood,7
horror,7
marketing,7
interested,7
home,7
rican,7
considering,7
lighten,7
uk,7
whiteness,7
ğŸ‘ğŸ¿,7
artificial,7
mtv,7
offended,7
dance,7
bryn,7
mascara,7
audience,6
insecure,6
bald,6
turn,6
ğŸ˜’,6
enjoy,6
â˜º,6
e,6
wake,6
blonde,6
nose,6
modeling,6
hearing,6
digital,6
bring,6
dreadlock,6
we've,6
following,6
cosmetic,6
beginning,6
season,6
indigenous,6
educate,6
thin,6
<3,6
ğŸ¤,6
pray,6
hole,6
serious,6
deserve,6
regular,6
party,6
surgery,6
ğŸ‘ğŸ¼,6
demographic,6
discussing,6
conclusion,6
genetic,6
objective,6
ozy,6
gene,6
liked,6
disturbing,6
mouth,6
algorithm,6
teeth,6
eating,6
bruh,6
loving,6
hatred,6
meaning,6
instagram,6
internet,6
vote,6
decoded,6
answer,6
listen,6
albinism,6
slavery,6
divide,6
dad,6
caused,6
leave,6
realized,6
marry,6
success,6
easy,6
skill,6
mainly,6
mix,6
bloodline,6
evil,6
planet,6
id,6
mi,6
everyday,6
spend,6
selfish,6
career,6
importance,6
worldwide,6
selling,6
division,6
coworkers,6
decision,6
sa,6
workplace,6
display,6
extra,6
list,6
successful,6
walmart,6
report,6
lack,6
supremacist,6
surprised,6
shame,6
pretending,6
oppression,6
boring,6
ï¼Ÿ,6
qualified,6
clearly,6
otherwise,6
ended,6
mask,6
bet,6
bunch,6
paint,6
clothing,6
shape,6
lipstick,6
chick,6
curl,6
played,6
influence,6
box,6
stunning,6
healthier,6
appropriation,6
mine,6
xd,6
worth,6
rule,6
scar,6
ancestor,6
informative,6
mexico,6
context,6
tanned,6
associated,6
who's,6
de,6
regarding,6
miss,6
rate,6
english,6
nope,6
chocolate,6
handsome,6
dark-skinned,6
oliver,6
mueni,6
tobi,5
basis,5
perfectly,5
putting,5
cute,5
bottom,5
ğŸ˜¢,5
offend,5
âœ¨,5
hypocrite,5
embrace,5
king,5
hit,5
soul,5
fenty,5
acceptance,5
amongst,5
excellent,5
separate,5
overcome,5
easily,5
happening,5
beyond,5
tf,5
plump,5
challenge,5
continue,5
ğŸ–¤,5
death,5
supporting,5
constantly,5
decided,5
meet,5
gosh,5
progress,5
textured,5
estee,5
pathetic,5
systemic,5
training,5
boss,5
owned,5
represented,5
link,5
northern,5
extreme,5
height,5
logic,5
supposed,5
misogynistic,5
piece,5
colonial,5
somebody,5
worry,5
eyed,5
helped,5
expensive,5
shouldnt,5
skinny,5
becoming,5
concerned,5
solution,5
relative,5
whoever,5
ie,5
allow,5
nah,5
denied,5
supported,5
crime,5
subjective,5
lost,5
acknowledge,5
positive,5
vid,5
president,5
prove,5
ğŸ‰,5
hateful,5
sold,5
wont,5
police,5
martin,5
mentality,5
em,5
dna,5
mistake,5
frankly,5
basic,5
sexy,5
mary,5
acting,5
offensive,5
letting,5
jealous,5
discriminatory,5
inside,5
aint,5
pain,5
ignorant,5
relevant,5
discussion,5
rawn,5
vain,5
pointed,5
depth,5
various,5
fight,5
stuck,5
bitch,5
politics,5
original,5
societal,5
exact,5
certainly,5
effort,5
youth,5
repeat,5
demand,5
gay,5
hahaha,5
filipino,5
republican,5
depends,5
para,5
milk,5
stick,5
prettier,5
i'll,5
manager,5
unfair,5
exposed,5
retail,5
quit,5
disrespectful,5
daily,5
cuz,5
board,5
identity,5
trans,5
helpful,5
ruin,5
focus,5
worker,5
employer,5
died,5
institution,5
special,5
hero,5
safe,5
criminal,5
bbc,5
make-up,5
pant,5
billion,5
local,5
injustice,5
raised,5
ğŸ¤¯,5
sport,5
ğŸ™ğŸ¾,5
wheel,5
ability,5
stopped,5
broke,5
large,5
fighting,5
tokenism,5
inclusion,5
sudanese,5
specifically,5
salon,5
â­,5
perpetuating,5
wash,5
grew,5
celebrity,5
spray,5
leftist,5
star,5
kardashians,5
parasocial,5
melanin,5
except,5
particular,5
field,5
foot,5
island,5
popular,5
descent,5
tanner,5
wokeness,5
spending,5
phenomenon,5
desirable,5
marriage,5
although,5
opposite,5
shut,5
hyperpigmentation,5
aware,5
ideal,5
benefit,5
ğŸ‘ğŸ¿,5
deeply,5
japan,5
yai,5
bank,5
adut,5
kaia,5
lee,5
ğŸ¤®,5
ğŸ‡¦ğŸ‡·,5
historically,5
tradition,5
oblivious,5
michael,5
jackson,5
colonization,5
formal,5
event,5
graduation,5
gump,5
superman,5
incredibly,5
he's,5
jewish,5
ground,5
brush,5
door,5
germany,5
ğŸ‘,5
mshoza,5
website,4
possibility,4
responsibility,4
thier,4
begin,4
german,4
politically,4
bw,4
biggest,4
nail,4
haha,4
smart,4
targeted,4
art,4
willing,4
glowing,4
phone,4
knew,4
space,4
favorite,4
straighten,4
speaks,4
latina,4
throughout,4
option,4
preach,4
platform,4
subscriber,4
knowing,4
#blm,4
george,4
info,4
promoting,4
tear,4
brazilian,4
existence,4
ğŸ˜˜,4
dear,4
ton,4
step,4
plastic,4
message,4
canada,4
management,4
contact,4
scientific,4
compare,4
taller,4
han,4
note,4
kept,4
mainstream,4
confirm,4
theory,4
troll,4
trendy,4
according,4
muslim,4
physical,4
scale,4
hakim,4
entirely,4
fear,4
jaw,4
improve,4
achieve,4
ultra,4
posted,4
tweet,4
thumbnail,4
circle,4
lying,4
ğŸ¥´,4
currently,4
inner,4
outer,4
congenital,4
partner,4
da,4
apart,4
nigerian,4
complete,4
insane,4
economic,4
kill,4
uncomfortable,4
aunt,4
personality,4
teacher,4
finger,4
ğŸ¤˜ğŸ¿,4
leh,4
teenager,4
veka,4
thina,4
zuk,4
property,4
closer,4
jealousy,4
bos,4
author,4
quiet,4
wasnt,4
they'd,4
brainwashing,4
celebrate,4
inequality,4
express,4
standing,4
period,4
sir,4
garbage,4
surely,4
control,4
women's,4
na,4
youve,4
structure,4
expected,4
organizational,4
differently,4
fixed,4
chose,4
stone,4
careful,4
negatively,4
:/,4
setting,4
notice,4
pushy,4
unfortunately,4
professional,4
hour,4
instance,4
upon,4
include,4
speaker,4
title,4
giving,4
quality,4
prevalent,4
toward,4
talent,4
smooth,4
shocking,4
treatment,4
impact,4
bag,4
pity,4
brazil,4
spain,4
security,4
addressing,4
protect,4
steal,4
hyper,4
staff,4
cast,4
minimum,4
justice,4
ğŸ™‚,4
fire,4
rock,4
daughter,4
theyve,4
msnbc,4
father,4
v,4
table,4
hurting,4
c,4
car,4
stated,4
recognize,4
lawsuit,4
g,4
supremacy,4
maker,4
dove,4
access,4
global,4
protest,4
spoken,4
offer,4
practice,4
narrative,4
colored,4
lord,4
burn,4
nation,4
region,4
dislike,4
owner,4
communist,4
tight,4
closed,4
ignorance,4
upset,4
executive,4
hopefully,4
knight,4
esteem,4
curvy,4
bout,4
slightly,4
dream,4
recognition,4
uneducated,4
â€,4
runway,4
read,4
condition,4
program,4
vacation,4
held,4
ğŸ™,4
teaching,4
disabled,4
ğŸ‘€,4
co,4
ğŸ˜¨,4
existed,4
heartbreaking,4
remembered,4
wondering,4
strange,4
us,4
gross,4
treating,4
blemish,4
teach,4
disappointed,4
china,4
status,4
cycle,4
starting,4
eyeshadow,4
hella,4
scary,4
un,4
beautytap,4
bronzers,4
fairer,4
brightening,4
ending,4
consumer,4
fault,4
statement,4
cancer,4
ğŸ™ŒğŸ¾,4
nivea,4
rid,4
darkening,4
ball,4
husband,4
stigma,4
korea,4
disappointing,4
yt,4
judging,4
bullying,4
portuguese,4
sky,4
por,4
definition,4
faced,4
propaganda,4
critical,4
define,4
favored,4
observation,4
added,4
tech,4
gorilla,4
exam,4
killing,4
eduqas,4
mr,4
x,4
belong,4
chin,4
ancestry,4
typically,4
los,4
erase,4
cafre,4
aka,4
colonialism,4
harmful,4
despite,4
groom,4
mum,4
misogyny,4
killed,4
aisle,4
juno,4
film,4
ndn,4
avoid,4
marrying,4
non-white,4
therefore,4
red,4
ğŸ–ğŸ¼,4
shallow,4
compliment,4
pilla,4
krishna,4
ğŸ¤¦â€â™‚,4
bergdorf,4
shun,4
ğŸ¦,3
humanity,3
advertising,3
devalue,3
hygiene,3
loud,3
aggressive,3
accent,3
taste,3
bb,3
ğŸ¥º,3
wide,3
martial,3
core,3
center,3
angel,3
ğŸ™ğŸ½,3
ğŸ–ğŸ½,3
paying,3
validation,3
brave,3
bold,3
behave,3
manner,3
photo,3
pot,3
suitable,3
curiosity,3
shed,3
werent,3
terrible,3
feed,3
match,3
precious,3
till,3
count,3
roman,3
preferred,3
preferance,3
ğŸ˜Œ,3
genuine,3
stan,3
chicago,3
drug,3
complaint,3
machine,3
rarely,3
address,3
street,3
accountable,3
extent,3
dollar,3
stepped,3
surprise,3
promote,3
si,3
location,3
upper,3
maid,3
included,3
reach,3
ğŸ˜¤,3
song,3
necessarily,3
fallacy,3
dangerous,3
mid,3
card,3
inferior,3
anyways,3
0:02,3
particularly,3
inherently,3
incel,3
covid,3
scientifically,3
earlier,3
attack,3
attractiveness,3
chill,3
overly,3
sounded,3
retarded,3
haircut,3
respond,3
symmetrical,3
one's,3
seemed,3
vids,3
ina,3
correlation,3
dr,3
hide,3
degree,3
plenty,3
ill,3
environment,3
interact,3
decides,3
purpose,3
strike,3
sea,3
construct,3
ideology,3
fell,3
peak,3
former,3
russian,3
ukraine,3
gaza,3
proper,3
man's,3
eurocentric,3
odd,3
aspect,3
casting,3
generation,3
https://www.youtube.com/watch?v=s6zqbits5ei,3
apologize,3
carry,3
beyoncÃ©,3
talented,3
perpetuate,3
represent,3
confronted,3
here's,3
technically,3
self-esteem,3
confusing,3
trade,3
gas,3
fall,3
kinky,3
regard,3
dated,3
mass,3
test,3
confront,3
dirty,3
desperate,3
j,3
rh,3
monkey,3
gina,3
advantage,3
âš¡,3
ğŸ‘¨ğŸ¿â€âš–,3
shine,3
albino,3
ğŸ’°,3
dum,3
luk,3
sak,3
ah,3
chhuak,3
phen,3
var,3
en,3
hmeichhe,3
rim,3
nam,3
thang,3
automatically,3
envious,3
wisdom,3
department,3
noticing,3
smile,3
ğŸ˜‡,3
finest,3
driven,3
stride,3
false,3
organization,3
educating,3
unique,3
several,3
direct,3
focused,3
realise,3
faster,3
collection,3
difficult,3
lead,3
trump,3
ugh,3
bought,3
heal,3
shampoo,3
differs,3
write,3
paper,3
hypocrisy,3
commenting,3
pantene's,3
opposed,3
characteristic,3
referred,3
sadly,3
today's,3
shock,3
final,3
passionate,3
persuasive,3
viewer,3
labeled,3
capable,3
portray,3
psa,3
reference,3
forever,3
wondered,3
smaller,3
larger,3
material,3
thousand,3
cheap,3
blaming,3
trust,3
rude,3
laughed,3
ğŸ˜,3
sale,3
fast,3
wage,3
pandemic,3
necessary,3
harassed,3
perfume,3
refused,3
harder,3
inclusivity,3
discus,3
visibility,3
fought,3
founder,3
burke,3
ayanna,3
texture,3
projecting,3
kr,3
trick,3
locked,3
they've,3
permission,3
awkward,3
pick,3
millionaire,3
ashamed,3
ffs,3
embarrassing,3
vile,3
segment,3
joy,3
ready,3
knowledge,3
wealthy,3
exclusively,3
learning,3
ect,3
triggered,3
russia,3
welfare,3
safety,3
:d,3
habeeb,3
akande,3
walking,3
wind,3
ã€Œ,3
ã€,3
ãªãœ,3
joe,3
insulting,3
refuse,3
promise,3
near,3
opportunity,3
turning,3
court,3
government,3
desire,3
god's,3
qualification,3
base,3
democrat,3
marxist,3
woman's,3
threatened,3
hell,3
dividing,3
dignity,3
build,3
lose,3
catering,3
freckle,3
pride,3
nature,3
violent,3
l,3
k,3
page,3
deeper,3
amari,3
lauder,3
fired,3
bigger,3
paid,3
insulted,3
stare,3
guarantee,3
doll,3
contributing,3
zero,3
tribal,3
scene,3
modelling,3
front,3
âœ,3
guilty,3
advice,3
photographer,3
foreign,3
paloma,3
dat,3
filled,3
ironic,3
legend,3
encouraging,3
analysis,3
influencer,3
unacceptable,3
ğŸ¤¬,3
awe,3
integrated,3
senior,3
winter,3
worn,3
calm,3
guessed,3
shitty,3
urine,3
suddenly,3
creepy,3
influencers,3
tea,3
forehead,3
canceled,3
related,3
hindu,3
public,3
room,3
background,3
nowadays,3
ancient,3
entertainment,3
wicked,3
holy,3
rampant,3
birth,3
train,3
relate,3
stolen,3
typical,3
afraid,3
barely,3
sign,3
lazy,3
outfit,3
implicit,3
length,3
learnt,3
somehow,3
bride,3
heroine,3
eastern,3
ğŸ˜†,3
appear,3
brighten,3
ourselfes,3
harm,3
wanting,3
cruelty,3
actress,3
spa,3
hypocritical,3
philippine,3
whiten,3
girlfriend,3
activist,3
complained,3
darken,3
uneven,3
cell,3
complex,3
;),3
survive,3
bangladesh,3
lotion,3
primarily,3
freaking,3
knee,3
began,3
director,3
tyra,3
te,3
gerber,3
dictate,3
risk,3
buying,3
ğŸŒŸ,3
inspirational,3
keeping,3
fk,3
yr,3
pageant,3
peace,3
blackness,3
perpetuates,3
pushing,3
technology,3
politician,3
recommend,3
bred,3
bill,3
identified,3
seal,3
instruction,3
recognizing,3
design,3
ğŸ˜,3
indeed,3
pattern,3
aimed,3
ahh,3
offense,3
suffering,3
text,3
mar,3
kiss,3
latinas,3
ğŸ¤—,3
stem,3
french,3
winner,3
picked,3
noun,3
alive,3
spoke,3
believed,3
greek,3
land,3
orange,3
afro,3
lil,3
million,3
hot,3
soap,3
glass,3
ğŸ¤§,3
pressure,3
pointless,3
judgement,3
segregated,3
complicated,3
present,3
admit,3
deb,3
amityville,3
forrest,3
raciest,3
irish,3
goal,3
cheech,3
chong,3
version,3
superior,3
explained,3
generally,3
educational,3
essentially,3
disco,3
blessed,3
paleness,3
barbies,3
visit,3
acceptable,3
bordering,3
socially,3
blush,3
wearer,3
lipgloss,3
sit,3
bothered,3
pause,3
wouldve,3
relax,3
alike,3
debate,3
writer,3
utah,3
leslie,3
jones,3
shaving,3
shave,3
facing,3
locking,3
dog,3
parking,3
cart,3
vox,3
Ğ¸,3
lawyer,3
applicant,3
ivf,3
icsi,3
injection,3
insemination,3
ğŸ¥,3
ğŸ¥±,3
ğŸ›‘,3
internalized,3
dsbw,3
ğŸ‘©ğŸ¾â€ğŸ¦±,3
capitalisation,3
ğŸ˜¥,3
beutiful,3
devalued,2
oredein,2
tedxtottenham,2
dynamic,2
ofc,2
suggest,2
tail,2
impossible,2
genetics,2
shrek,2
intelligence,2
tryna,2
princess,2
ğŸ¤”,2
urself,2
waiting,2
required,2
decade,2
â€¼,2
handle,2
obi,2
backwards,2
temple,2
chosen,2
tribe,2
spirit,2
beholder,2
godbless,2
meh,2
prop,2
unfortunate,2
ted,2
fuckin,2
bravo,2
encouraged,2
dye,2
caters,2
camera,2
representing,2
scenario,2
melting,2
specie,2
shedding,2
subscribe,2
routine,2
massive,2
volume,2
continuing,2
convenient,2
outrageous,2
ily,2
fluctuates,2
insight,2
ally,2
ğŸ§¡,2
scrolling,2
preaching,2
recognized,2
mattered,2
disliked,2
painful,2
youtubers,2
flat,2
http://www.youtube.com/results?search_query=%23blm,2
incredible,2
advocate,2
hungry,2
ğŸ‘ğŸ¾,2
range,2
brilliant,2
adding,2
everyones,2
recommended,2
obsession,2
sincerely,2
binge,2
discovered,2
released,2
direction,2
update,2
sometime,2
robert,2
oil,2
available,2
crappy,2
mindset,2
sjw,2
storytime,2
ğŸ’—,2
utmost,2
shared,2
district,2
anytime,2
sent,2
braided,2
email,2
reminder,2
return,2
pseudoscience,2
geographical,2
noted,2
heritability,2
flawed,2
in-group,2
drawn,2
originally,2
eventually,2
drift,2
wth,2
gate,2
january,2
saving,2
pill,2
attraction,2
attempt,2
missed,2
racepill,2
looksmaxx,2
attract,2
method,2
stats,2
fails,2
looksmaxxers,2
forum,2
reacting,2
sucked,2
undertone,2
plaguing,2
christ,2
99.9,2
arguably,2
invented,2
buff,2
developed,2
kingdom,2
barbaric,2
youtuber,2
https://www.youtube.com/watch?v=coyrgjbnt0m,2
loser,2
irl,2
button,2
screen,2
rise,2
cellphone,2
shout,2
strive,2
cm,2
albanian,2
autistic,2
improving,2
barber,2
capitalism,2
defined,2
centered,2
iq,2
maximize,2
max,2
assume,2
teenage,2
cutting,2
appereance,2
diet,2
unhealthy,2
dang,2
written,2
covering,2
mentally,2
minded,2
sane,2
biology,2
vÃ­deo,2
ignoring,2
pool,2
fart,2
overall,2
invasion,2
palestinian,2
catholic,2
excused,2
6th,2
turkey,2
threat,2
civil,2
sudan,2
principle,2
doubt,2
progressive,2
reading,2
fairly,2
covered,2
player,2
homies,2
oops,2
listened,2
radio,2
descendant,2
eachother,2
hasnt,2
widely,2
practiced,2
showcase,2
tension,2
ego,2
kelly,2
rowland,2
meme,2
picking,2
pleasant,2
owns,2
passing,2
shoe,2
accidentally,2
addressed,2
convos,2
deep-brown,2
4c,2
pam,2
ğŸ¤·ğŸ½â€â™€,2
applies,2
thailand,2
fyi,2
bleached,2
mariah,2
jhene,2
aiko,2
ğŸ¤·ğŸ»â€â™‚,2
thick,2
bleacher,2
walker,2
junior,2
reese's,2
admitting,2
viv,2
smith,2
yea,2
neither,2
greatful,2
income,2
homeless,2
âœğŸ¿,2
devil,2
le,2
0:28,2
grey,2
sellout,2
https://www.youtube.com/watch?v=de4lo4tic8y&t=2,2
ang,2
zang,2
lian,2
chhe,2
thawl,2
pawrh,2
lang,2
inlip,2
tuara,2
kak,2
kaw,2
phu,2
khur,2
dur,2
lo,2
nguai,2
huam,2
veng,2
blond,2
encourages,2
information,2
whereas,2
couldnt,2
dedicated,2
quietly,2
dependent,2
catriona,2
gray,2
virtue,2
dahil,2
effective,2
moving,2
profession,2
celebrated,2
visual,2
evidence,2
vital,2
promoted,2
solely,2
earn,2
construction,2
warehousing,2
site,2
floor,2
practically,2
round,2
neat,2
consulted,2
choosing,2
empathetic,2
homophobic,2
masculinity,2
abuse,2
authority,2
schizophrenia,2
specific,2
andito,2
po,2
ut,2
pa,2
feminist,2
twat,2
hahahaha,2
witnessed,2
deny,2
tolerate,2
patience,2
criticized,2
righteous,2
highlight,2
creates,2
stereotypical,2
wound,2
infact,2
destroy,2
pr,2
periodt,2
accusation,2
normally,2
remark,2
succeeds,2
ease,2
dropping,2
stock,2
acknowledgement,2
five,2
disgraceful,2
consequence,2
appeared,2
crowd,2
staying,2
dedication,2
eggshell,2
twice,2
competent,2
relied,2
includes,2
greater,2
crucial,2
sex,2
sexual,2
pantenes,2
aim,2
sexism,2
exposing,2
comparison,2
enabled,2
edc,2
revelation,2
app,2
generate,2
join,2
commissioned,2
shopper,2
basicly,2
overweight,2
charge,2
2xl,2
grown,2
fabric,2
involved,2
xl,2
versus,2
policy,2
hanging,2
com,2
month,2
feeding,2
breed,2
somewhere,2
lived,2
ratio,2
gift,2
suspicious,2
distinct,2
service,2
bipoc,2
approach,2
rouge,2
creature,2
throat,2
creed,2
measure,2
blessing,2
implement,2
coupon,2
directly,2
annoyed,2
pressed,2
compassed,2
ep,2
8:,2
trailblazer,2
tarana,2
onto,2
rapper,2
freemason,2
disconnected,2
portion,2
thumb,2
parade,2
anger,2
panel,2
impoverished,2
rub,2
fascinating,2
luke,2
ship,2
buck,2
profound,2
hideous,2
crap,2
competition,2
outdated,2
presence,2
peasant,2
suffer,2
donate,2
enjoyed,2
remind,2
army,2
juneteenth,2
concern,2
goofy,2
depp,2
priority,2
woe,2
inspired,2
afford,2
lance,2
reid,2
madam,2
creating,2
figured,2
cure,2
disease,2
whine,2
skip,2
hater,2
hat,2
prime,2
deaf,2
spreading,2
ğŸ¤­,2
crown,2
children's,2
deserves,2
extension,2
ğŸ¤ŸğŸ¼,2
ğŸ’“,2
welcome,2
greatest,2
meanwhile,2
democratic,2
failing,2
miserably,2
democracy,2
thread,2
pass,2
officer,2
rabbit,2
total,2
nine,2
official,2
ï¼,2
attorney,2
leo,2
terrell,2
thursday,2
biden,2
nowhere,2
magnitude,2
labor,2
housing,2
load,2
enraged,2
fool,2
nba,2
military,2
believer,2
poverty,2
medias,2
praise,2
pregnant,2
furthermore,2
vice,2
park,2
studio,2
https://en.wikipedia.org/wiki/public_sector?wprov=sfti1,2
https://oklahoman.com/article/894007/traffic-flows-again-on-i-40-bridge,2
https://en.wikipedia.org/wiki/private_sector?wprov=sfti1,2
https://en.wikipedia.org/wiki/voluntary_sector?wprov=sfti1,2
https://en.wikipedia.org/wiki/probation?wprov=sfti1,2
opening,2
dumbest,2
pigment,2
shouldve,2
unity,2
1st,2
employ,2
scam,2
blah,2
regional,2
office,2
profit,2
quick,2
disparity,2
questioned,2
ran,2
sided,2
venezuela,2
affirmative,2
major,2
minor,2
displayed,2
h,2
missing,2
maga,2
culturally,2
employment,2
imposed,2
painting,2
opened,2
legally,2
protection,2
rap,2
ep4,2
tool,2
house,2
vogue's,2
fashion's,2
recognizable,2
chanel,2
ford,2
lb,2
â™¥,2
dinka,2
liking,2
dressed,2
cat,2
meat,2
loose,2
poster,2
melaina,2
selena,2
spent,2
kendall,2
cold,2
adore,2
ï¸jesus,2
soooo,2
anna,2
diabetes,2
entitled,2
replace,2
shaved,2
wrap,2
comb,2
hairdresser,2
edge,2
abt,2
ğŸ‡ºğŸ‡¸,2
ğŸ™ŒğŸ¿,2
photoshopped,2
token,2
tbh,2
goddess,2
agency,2
icon,2
posting,2
petite,2
toxicity,2
welsh,2
rinse,2
cap,2
childhood,2
kim,2
kylie,2
everyone's,2
kimono,2
mock,2
intellect,2
balanced,2
flaw,2
unattainable,2
cook,2
ğŸ™ˆ,2
realistic,2
beyonce,2
adopted,2
increasing,2
casually,2
ew,2
edit,2
impressed,2
ğŸ¦†,2
dressing,2
listed,2
concert,2
jay,2
z,2
whilst,2
silly,2
italian,2
sample,2
bathroom,2
airport,2
needing,2
influencing,2
traditional,2
jamaican,2
finished,2
skim,2
enemy,2
coffee,2
chubby,2
stomach,2
awhile,2
described,2
divided,2
dancing,2
originated,2
viral,2
drag,2
energy,2
couch,2
praised,2
blackface,2
path,2
designated,2
womens,2
do;,2
vatican,2
matt,2
kkk,2
horribly,2
anywhere,2
jeff,2
bus,2
thankful,2
wavy,2
meeting,2
society's,2
coverage,2
aging,2
fsr,2
ğŸ’›,2
stranger,2
ğŸ˜¶,2
nut,2
curious,2
michelle,2
becomes,2
featuring,2
strategy,2
encourage,2
hello,2
beautytap's,2
advisor,2
lens,2
journalism,2
donation,2
highest,2
angry,2
glow,2
classism,2
casteism,2
deep-rooted,2
atleast,2
priyanka,2
chopra,2
recognising,2
immediately,2
vast,2
tehran,2
scrub,2
ğŸ˜¯,2
esty,2
tinted,2
instantly,2
fairness,2
despise,2
section,2
whiter,2
gotten,2
hardly,2
pink,2
belive,2
spectrum,2
ghana,2
clue,2
olive,2
lightning,2
racially,2
wrote,2
ğŸ¤·ğŸ»â€â™€,2
appealing,2
pressured,2
possibly,2
packaging,2
pakistan,2
somewhat,2
brochure,2
argument,2
domestic,2
congratulation,2
illegal,2
ex,2
attacking,2
lmfao,2
flawless,2
bright,2
bed,2
skin.these,2
rooted,2
universally,2
driver,2
raise,2
severe,2
where's,2
disgusted,2
mini,2
france,2
dropped,2
boost,2
medicine,2
corrupt,2
pop,2
hairstylist,2
craft,2
bland,2
performative,2
murder,2
trivial,2
kenya,2
nigeria,2
victimism,2
attending,2
otros,2
desde,2
mode,2
nepos,2
sake,2
purely,2
gap,2
kidding,2
ğŸ’,2
cindy,2
eat,2
niche,2
amen,2
overtime,2
ahead,2
thorough,2
ğŸ•¯,2
origin,2
moral,2
acronym,2
reflects,2
dull,2
favor,2
reporting,2
mission,2
diver,2
bat,2
prof,2
catch,2
dealing,2
policing,2
software,2
efficiency,2
source,2
credit,2
scoring,2
habit,2
block,2
patient,2
admitted,2
hospital,2
guardian,2
opposing,2
ğŸ§,2
fed,2
confidently,2
solved,2
advert,2
dem,2
offence,2
fisher,2
beg,2
eduquas,2
failed,2
matched,2
zoom,2
ft,2
mal,2
miami,2
tied,2
census,2
ğŸ˜,2
con,2
del,2
argentina,2
wealth,2
contradiction,2
category,2
ricans,2
request,2
refer,2
abortion,2
oppress,2
rodriguez,2
lesson,2
bigotry,2
15th,2
nationality,2
scientist,2
systematic,2
zone,2
featurism,2
ism,2
tiny,2
annoying,2
hysterical,2
understandable,2
latinamerica,2
thx,2
featured,2
toned,2
shadism,2
complected,2
assumption,2
polish,2
realised,2
accurately,2
print,2
costume,2
technique,2
separation,2
mestizo,2
depicted,2
neighborhood,2
nyc,2
significantly,2
absolute,2
multimedia,2
lit,2
proven,2
bathing,2
search,2
climate,2
yh,2
chemical,2
implying,2
imperfection,2
balikbayan,2
discriminate,2
nasty,2
subcontinent,2
godesses,2
cartoon,2
darker-skinned,2
suit,2
ğŸ˜”,2
editor,2
engineering,2
grandma,2
1960s,2
classy,2
forgot,2
fancy,2
edgy,2
entertaining,2
die,2
gold,2
wedge,2
occasion,2
morgan,2
freeman,2
halloween,2
mess,2
naked,2
historical,2
masculine,2
gentleman,2
attitude,2
emma,2
hotel,2
desegregation,2
hosted,2
twist,2
sue,2
grandmother,2
doctor,2
voiceover,2
franchesca,2
ramsey,2
ğŸ’œ,2
ğŸ’š,2
hitler,2
confirmed,2
forest,2
mama,2
parody,2
silence,2
lamb,2
agent,2
assigned,2
francesca,2
comedy,2
madea,2
sooo,2
idris,2
elba,2
washing,2
shaft,2
remake,2
fresh,2
zulu,2
shot,2
superhero,2
luckily,2
grandfather,2
enslaved,2
presentation,2
surrounded,2
scare,2
cop,2
previously,2
ferris,2
hiding,2
purse,2
relation,2
perk,2
blind,2
sunscreen,2
headache,2
marin,2
chicano,2
lesser,2
canadian,2
hidden,2
religious,2
baiting,2
darkness,2
inspiring,2
sounding,2
person's,2
introduction,2
cognizant,2
frustrating,2
teasing,2
carribean,2
emulate,2
darkest,2
sephardic,2
ashkenazi,2
tbf,2
legal,2
perception,2
villain,2
occurred,2
assumed,2
pushed,2
broken,2
depending,2
joking,2
counter,2
privileged,2
ain't,2
learns,2
dread,2
visiting,2
rare,2
contrast,2
jus,2
hitting,2
counterpart,2
neighbor,2
asshole,2
presentable,2
balm,2
blown,2
hobby,2
concerning,2
ginger,2
convince,2
enhances,2
we'll,2
girl's,2
understood,2
editing,2
fio,2
filter,2
âœŒ,2
eyebrow,2
wedding,2
weak,2
bullied,2
appropriate,2
babe,2
messy,2
impression,2
tonight,2
hbo,2
zoo,2
perhaps,2
require,2
viking,2
dig,2
cost,2
dresser,2
lastly,2
client,2
respected,2
basketball,2
occasionally,2
spin,2
respectfully,2
possessed,2
stylist,2
kudos,2
appropriating,2
unkempt,2
theyd,2
ing,2
arm,2
wall,2
https://bit.ly/3qj4m5y,2
http://www.vox.com/video-newsletter,2
https://bit.ly/3m5kuj9,2
coz,2
ban,2
sociopath,2
diagnosed,2
klu,2
klutz,2
klan,2
preferances,2
restaurant,2
food,2
tribalistic,2
mega,2
wayyy,2
host,2
stunningly,2
reject,2
pratyusha,2
tedxsugarland,2
hitched,2
demo,2
kali,2
rama,2
colourist,2
tamil,2
gladly,2
af,2
demean,2
dusky,2
diagnose,2
north,2
frnds,2
inward,2
superficial,2
texas,2
british,2
ğŸ˜‘,2
scandinavian,2
silent,2
punjabi,2
ya'll,2
searching,2
commercialisation,2
tedxuclwomen,2
ğŸ’™,2
goliath,2
ferrari,2
betazone,2
davos,2
#thandohopa,2
ethnocentric,2
#viewsfromthebottomup,2
sho,2
refilwe,2
rudd,2
tedxtexasstateuniversity,2
ğŸ¤ğŸ¾,2
dw,2
tomato,2
lemon,2
tsk,2
monopolized,2
el,2
exploit,2
oredein's,1
deluded,1
hirrible,1
outting,1
trowel,1
appalled,1
forcing,1
nazi,1
slight,1
deficiency,1
luck,1
momma,1
chewed,1
spewing,1
oogaa,1
booga,1
burnt,1
pc,1
cam,1
pan,1
fitness,1
demeanor,1
nt,1
fionna,1
demon,1
ğŸ˜„,1
regulate,1
sought,1
tedx,1
stutter,1
swirlers,1
sympathy,1
twerking,1
barrel,1
mimicing,1
eyelash,1
goodness,1
https://www.youtube.com/watch?v=f63n3qae3jo&t=290,1
4:50,1
bearable,1
std,1
cking,1
aaand,1
elso,1
ro,1
du,1
bist,1
der,1
allerschÃ¶nste,1
mensch,1
den,1
gibt,1
bone,1
shaped,1
alabaster,1
underatted,1
emotional,1
surgeon,1
igbo,1
essence,1
kuroi,1
belt,1
globalist,1
persecuted,1
christos,1
anointed,1
spear,1
angle,1
swing,1
wing,1
bowing,1
ugliest,1
manliest,1
exposer,1
ğŸ‘‚,1
contrite,1
ğŸ‘¸ğŸ¾,1
âœŠğŸ½,1
chad,1
serve,1
curse,1
plain,1
commend,1
longest,1
anti-white,1
tirade,1
backlash,1
https://bit.ly/2ux7x8y,1
ğŸ‡¨ğŸ‡¦,1
scrolled,1
deleted,1
unsafe,1
counted,1
pleases,1
sep,1
speechless,1
august,1
1am,1
2yrs,1
permanently,1
ğŸ¤•,1
ğŸ™ŒğŸ»,1
preached,1
cheesebags,1
default,1
plumper,1
thrilled,1
floyds,1
http://www.youtube.com/results?search_query=%23blacklivesmatter,1
#blacklivesmatter,1
stood,1
immediate,1
invited,1
cookout,1
ğŸ¤©,1
almay,1
seam,1
slogan,1
ğŸ”ˆ,1
ğŸ”‰,1
ğŸ”Š,1
quaking,1
defend,1
glossier,1
input,1
gained,1
inappropriate,1
fofo,1
subbed,1
newest,1
brad,1
mondo,1
dr.dray,1
mentor,1
toner,1
cerave,1
credible,1
hooked,1
village,1
sweet,1
batch,1
cash,1
grab,1
dent,1
2019/2020,1
improved,1
flora,1
greasy,1
affordable,1
selection,1
doublewear,1
arrived,1
amazed,1
math,1
besides,1
mac,1
world's,1
lucky,1
hawaii,1
visited,1
halifax,1
nova,1
scotia,1
initiative,1
ğŸ’ªğŸ½,1
protocall,1
undeserved,1
ğŸ˜ ,1
inspire,1
cliental,1
skus,1
bandaid,1
ish,1
refered,1
molly,1
cleaning,1
wowww,1
promotional,1
pledge,1
holding,1
laura,1
mercier,1
latest,1
anti-racism,1
privately,1
ig,1
@joyfulxbeauty,1
http://www.joyfulbeauty.ca/,1
www.joyfulbeauty.ca,1
xx,1
tangible,1
rabbithole,1
https://www.youtube.com/watch?v=0c8hfops_tc&t=100,1
1:40,1
variation,1
infer,1
between-group,1
hypothesis,1
priori,1
racialist,1
arthur,1
jensen,1
dutch,1
shortest,1
tallest,1
aggregate,1
delve,1
subgroup,1
exhibit,1
aberration,1
byproduct,1
oversimplifying,1
monolith,1
extol,1
supposedly,1
kindness,1
compatibility,1
comical,1
https://www.youtube.com/watch?v=0c8hfops_tc&t=407,1
6:47,1
testosterone,1
futile,1
https://www.youtube.com/watch?v=0c8hfops_tc&t=2,1
buddy,1
attracts,1
researched,1
in-depth,1
threshold,1
ignores,1
debunk,1
acknowledging,1
tiktok,1
articulated,1
disillusioned,1
psychiatric,1
genome,1
argued,1
present-day,1
crusade,1
zealous,1
christian,1
caliphate,1
antagonizing,1
dehumanizing,1
non-human,1
heretic,1
fredda,1
titled,1
subconscious,1
jarod,1
brook,1
mewers,1
memorize,1
ranking,1
wierdo,1
eugenics,1
leonardo,1
dicaprio,1
candyland,1
dissecting,1
skull,1
explaining,1
similarity,1
https://www.youtube.com/watch?v=0c8hfops_tc&t=225,1
3:45,1
operates,1
maxing,1
youd,1
makimg,1
lowkey,1
cared,1
watchman,1
breakdown,1
fr,1
jock,1
straght,1
defo,1
primarliy,1
subjected,1
sapphire,1
appeal,1
grave,1
viewed,1
incorrect,1
brunette,1
cvnt,1
normie,1
jfl,1
subhuman,1
cooked,1
inform,1
pipeline,1
mongering,1
beard,1
gym,1
comestic,1
cosumerism,1
countless,1
positively,1
cheekbone,1
argue,1
muscle,1
grind,1
jewmax,1
newer,1
mundane,1
ğŸ˜µâ€ğŸ’«,1
dodged,1
bullet,1
potential,1
looksmax,1
stuart,1
murray,1
bulking,1
rapid,1
commodified,1
eateem,1
differ,1
phrenology,1
tik,1
tok,1
gta,1
orthotropics,1
legitimate,1
clinical,1
proof,1
fascist,1
balxkpill,1
monitized,1
grifter,1
envitibly,1
scamming,1
braindead,1
timtok.its,1
height.if,1
fetures,1
dosint,1
matter.most,1
chewing,1
adapt,1
https://www.youtube.com/watch?v=0c8hfops_tc&t=199,1
3:19,1
assure,1
slept,1
yakubs,1
strongest,1
soldier,1
trickknolgy,1
limited,1
geography,1
justified,1
punishing,1
gah,1
niche-turn-popular,1
tankie,1
fw,1
overthinking,1
shortcoming,1
hilarity,1
plan,1
persona,1
ozzy,1
smell,1
commie,1
scum,1
caution,1
recommending,1
hakim's,1
watcher,1
holodomor,1
armenian,1
kurdish,1
uyghur,1
apologia,1
crimea,1
subsequent,1
crimean,1
tartar,1
hamas's,1
non-israeli,1
afro-palestinians,1
druze,1
levantine,1
samaritan,1
hamas,1
overthrowing,1
al-fatah,1
october,1
deserved,1
serbia's,1
iran,1
isis's,1
kurd,1
yazedi,1
yazdani,1
azerbaijan's,1
invade,1
armenia,1
wagner,1
operative,1
jungaweed,1
diabolist,1
begun,1
purported,1
tennent,1
2.0,1
oz,1
literal,1
conventionally,1
timmy,1
betty,1
steeped,1
pregnancy,1
weight,1
thicc,1
defintiely,1
https://www.youtube.com/watch?v=0c8hfops_tc&t=506,1
bagladesh,1
maxxing,1
magnum,1
opus,1
slowed,1
pun,1
familiar,1
tickle,1
pickle,1
uploads,1
foodmaxing,1
orleans,1
vh1,1
https://www.youtube.com/watch?v=x6vpo83soik,1
https://youtu.be/x6vpo83soik,1
littke,1
richard,1
ultimate,1
woodstock,1
aretha,1
franklin,1
diana,1
ross,1
tina,1
turner,1
barry,1
blck,1
boasted,1
acknowledged,1
concrete,1
writing,1
kodak,1
kanye,1
contemporary,1
storyline,1
correctly,1
affair,1
secret,1
smarter,1
asap,1
conflating,1
ğŸ¤·ğŸ½,1
rk,1
startet,1
slaver,1
hotter,1
singled,1
ğŸ§¢,1
slaved,1
stepping,1
bumping,1
apologizing,1
supporter,1
ğŸ¤¦ğŸ¾â€â™‚,1
karma,1
âœŒğŸ¾,1
melonated,1
portrayed,1
lizzo,1
rescue,1
akin,1
lookn,1
cracked,1
crusty,1
dry,1
wrinkly,1
copium,1
geeeeez,1
subsaharan,1
atractive,1
becouse,1
rated,1
interbreeding,1
evolution,1
previlege,1
nikki,1
steven,1
colbert,1
alicia,1
lite,1
70percent,1
hung,1
aggression,1
sharp,1
narrow,1
proluding,1
nicki,1
minaj,1
alright,1
giro,1
redd,1
blige,1
fantasia,1
barino,1
mulatto,1
returned,1
brings,1
asf,1
racing,1
neanderthal,1
ape,1
rhesus,1
scholar,1
misinformation,1
crybaby,1
carey,1
jeez,1
ice,1
priviled,1
nicer,1
ked,1
privalage,1
cake,1
grade,1
https://www.youtube.com/watch?v=de4lo4tic8y&t=22,1
0:22,1
ja-nae,1
presenter,1
decent,1
citizenship,1
usurp,1
wombman,1
lucifer,1
https://www.youtube.com/watch?v=de4lo4tic8y&t=28,1
worship,1
heaven,1
servant,1
https://www.youtube.com/watch?v=de4lo4tic8y&t=31,1
0:31,1
https://www.youtube.com/watch?v=de4lo4tic8y&t=525,1
https://www.youtube.com/watch?v=de4lo4tic8y&t=526,1
https://www.youtube.com/watch?v=de4lo4tic8y&t=527,1
https://www.youtube.com/watch?v=de4lo4tic8y&t=528,1
https://www.youtube.com/watch?v=de4lo4tic8y&t=529,1
https://www.youtube.com/watch?v=de4lo4tic8y&t=530,1
https://www.youtube.com/watch?v=de4lo4tic8y&t=531,1
https://www.youtube.com/watch?v=de4lo4tic8y&t=532,1
https://www.youtube.com/watch?v=de4lo4tic8y&t=534,1
ğŸ‘©ğŸ¿â€âš–,1
rape,1
ğŸ§¬,1
âš›,1
jet,1
ğŸ—¡,1
compromise,1
ğŸ‘¸ğŸ¿,1
urn,1
âš±,1
ğŸ‘©ğŸ½â€ğŸ’»,1
palian,1
hmelchhia,1
zawng,1
tak,1
hrawl,1
swi,1
tawk,1
tkv,1
heleni,1
mai,1
chu,1
darh,1
kua,1
sakin,1
hmel,1
duh,1
tawka,1
ruala,1
hrep,1
hnu,1
phei,1
chuan,1
chhung,1
vek,1
khopin,1
kap,1
dah,1
bawp,1
kar,1
apiangin,1
amahin,1
hawng,1
sen,1
suah,1
zela,1
phawt,1
tawha,1
dep,1
lu,1
nasa,1
ltka,1
rgt,1
pon,1
amaha,1
maiin,1
kau,1
suaha,1
phut,1
thei,1
phengphehlep,1
uih,1
uiha,1
amah,1
chawp,1
rn,1
pahin,1
chutianga,1
om,1
apiagin,1
atang,1
baw,1
chhuakin,1
luang,1
hum,1
huma,1
hnim,1
ila,1
sangha,1
hing,1
rimchhe,1
nei,1
tih,1
takah,1
nimai,1
raped,1
sidney,1
poitier,1
lightest,1
deems,1
obeys,1
script,1
straw,1
ğŸ¥¹,1
Â«,1
Â»,1
passive,1
antiwoman,1
microagressions,1
solid,1
vanity,1
riveting,1
parallel,1
cherished,1
ğŸ‘ğŸ¼,1
efficient,1
acted,1
dynamite,1
largest,1
talkative,1
ğŸ˜‹,1
ğŸ¤¤,1
ğŸ˜œ,1
ğŸ˜€,1
putnaginaputanginamo,1
hw,1
signalling,1
https://www.youtube.com/watch?v=lulkfxixbpm&t=46,1
0:46,1
signaling,1
lhat,1
talaga,1
pinapanood,1
lighting,1
challenging,1
inherent,1
tends,1
condemn,1
prohibiting,1
prioritize,1
labeling,1
depicts,1
frequent,1
workforce,1
philosophy,1
logistical,1
co-worker,1
diminishing,1
innovative,1
stagnant,1
combat,1
dilemma,1
evident,1
openly,1
tactic,1
empowering,1
empowerment,1
mph,1
motorbike,1
responsibly,1
maintain,1
nic,1
medival,1
stroner,1
wamen,1
ma'am,1
assignment,1
subjet,1
additionally,1
@youtube,1
disable,1
:|,1
fragile,1
aspiring,1
ğŸ‘Š,1
boycotte,1
bec,1
activity,1
hehehehehe,1
offs,1
boutine,1
claiming,1
youuu,1
vitriol,1
hillary,1
clinton,1
stance,1
ako,1
ko,1
mga,1
sagot,1
nako,1
gadgrc,1
jasmineeeeee,1
readon,1
agreed,1
keepsafe,1
comercial,1
tendency,1
occurrence,1
connotation,1
collect,1
disastrous,1
hahahahhahaha,1
negotiation,1
depriving,1
infant,1
mother's,1
daycare,1
hahhahaha,1
penetrate,1
other's,1
ethical,1
persuasion,1
advertsiment,1
mabuhay,1
journ,1
hahahahhaha,1
welp,1
tda,1
ğŸ˜ƒ,1
progressivism,1
richer,1
placed,1
foul,1
profoundly,1
highlighting,1
undeniable,1
underly,1
lunch-table,1
temp,1
high-wage,1
broker,1
determined,1
strong-minded,1
unwavering,1
most-often,1
numerous,1
letter,1
deplorable,1
troublesome,1
stemmed,1
habitual,1
mistreatment,1
forefather,1
rear,1
exfoliating,1
lane,1
illustrate,1
spotlighted,1
appearing,1
podium,1
delivering,1
desk,1
aiming,1
relates,1
leaf,1
desired,1
pour,1
show-off,1
expressed,1
resonates,1
eliminating,1
capability,1
orientation,1
atmosphere,1
gang,1
four,1
commenter's,1
diminish,1
flowing,1
https://www.teenvogue.com/story/blackface-in-the-beauty-industry-conversation,1
videogpt,1
download,1
journey,1
grump,1
signifigant,1
tax,1
equipment,1
discount,1
tellin,1
xxl,1
charged,1
4dollars,1
hundred,1
shamed,1
punished,1
excessive,1
profile,1
stroller,1
diaper,1
uncomfterble,1
mercari,1
newigstyle,1
shipped,1
smoker,1
frenzy,1
negativity,1
uniqueness,1
sucky,1
prejudged,1
mistreated,1
guard,1
minding,1
linkedin,1
payed,1
planning,1
profiling,1
shopped,1
sza,1
fckn,1
retailer,1
merchandise,1
statistically,1
ğŸ¤·â€â™€,1
crutch,1
stealing,1
interpreted,1
sow,1
logical,1
uncaring,1
:o),1
associate,1
apologized,1
instructed,1
fundamentally,1
shoplifting,1
unwelcome,1
clicked,1
hawked,1
miserable,1
harass,1
hint,1
hawk,1
reflect,1
tattooed,1
pierced,1
multi,1
ethic,1
integrity,1
intentionally,1
stayed,1
enraging,1
thief,1
dishonest,1
intuition,1
hp,1
angelique,1
mend,1
precarious,1
redeeming,1
bottle,1
redemption,1
checkout,1
satisfaction,1
undesirable,1
york,1
microaggressions,1
excluding,1
jump,1
fearless,1
taylor,1
alyna,1
#metoo,1
rep,1
magic,1
Ğ¿Ñ€Ğ¸ĞºĞ¾Ğ»ÑŒĞ½Ñ‹Ğµ,1
protective,1
styling,1
deception,1
incompetent,1
obstacle,1
thrown,1
beneath,1
policed,1
compound,1
censored,1
gavin,1
mcinnes,1
lusciously,1
dumpster,1
touchy,1
element,1
imposter,1
syndrome,1
mile,1
hoop,1
villager,1
rupee,1
bobo,1
greeting,1
skywalker,1
narcissist,1
operating,1
delusional,1
delusion,1
grandeur,1
scrutiny,1
roundtable,1
pimp,1
insult,1
https://www.youtube.com/watch?v=_qjgh7isjle&t=175,1
2:55,1
boil,1
ought,1
epidemic,1
alopecia,1
pandering,1
gaze,1
wecome,1
contributed,1
mankind,1
censor,1
6k,1
misgender,1
hustler,1
conquer,1
masonic,1
conspiracy,1
olympian,1
insanely,1
fierce,1
detached,1
foh,1
ğŸ‘ğŸ¿,1
lumping,1
r_ped,1
beaten,1
champagne,1
slurping,1
southing,1
entirety,1
northerner,1
union,1
command,1
buffoonery,1
mammy,1
groundbreaking,1
dontb,1
sheer,1
stocking,1
johnny,1
removed,1
shameful,1
formula,1
:'(,1
timing,1
lacefront,1
kesha,1
botuoms,1
worldi,1
ladiez,1
https://www.youtube.com/watch?v=_qjgh7isjle&t=178,1
2:58,1
steer,1
track,1
d-mn,1
self-made,1
enormously,1
revolutionizing,1
haircare,1
explored,1
vaccine,1
pursue,1
drive,1
laptop,1
tv's,1
wasting,1
griping,1
grumbling,1
phased,1
âœŠğŸ¾,1
pressley,1
fros,1
reid's,1
continued,1
shoulder,1
reformist,1
turmoil,1
pretentious,1
self-important,1
fro,1
legit,1
overwhelmed,1
proved,1
discussed,1
prevent,1
abusive,1
deport,1
traitor,1
ğŸ‡·ğŸ‡º,1
migrant,1
arrest,1
bonespurs,1
abducted,1
reservation,1
effing,1
planned,1
parenthood,1
depopulation,1
sasquatch,1
jan,1
elsewhere,1
outvote,1
victoria,1
derbyshire,1
programme,1
9/10,1
controversial,1
unprecedented,1
outpouring,1
stirred,1
yal,1
thrill,1
rfn,1
investigative,1
poke,1
grass,1
entered,1
cafe,1
bulletproof,1
vest,1
forty,1
misunderstand,1
blamed,1
transformed,1
lion,1
grasshopper,1
twelve,1
fire-september,1
mysterious,1
ç§ã¯,1
ãã®ã‚ˆã†ãªã‚‚ã®ã§ã¯ãªã„ã§ã™,1
ãã†è¨€ã„ãŸããªã‚‹é–“é•ã„ã‚’ä½•åº¦ã‚‚äººç”Ÿã§çµŒé¨“ã—ã¦ããŸ,1
ç§ã¯æ—¥æœ¬äººã§æ··è¡€ã§ã¯ãªã„ã‘ã‚Œã©,1
æ—¥æœ¬äººã«è¦‹ã‚‰ã‚Œãªã„ã“ã¨ã‚‚å¤šã„,1
ç§ã¯çŠ¯ç½ªè€…ã«è¦‹ã‚‰ã‚Œã‚‹çµŒé¨“ã‚‚ä½•åº¦ã‚‚ã—ã¦ã„ã‚‹,1
ç§ã®æ•£æ­©ã‚³ãƒ¼ã‚¹ã«è­¦å¯Ÿã®è»ŠãŒã¤ã„ã¦ãã¦,1
ç§ãŒé€šã£ãŸè‰ã‚€ã‚‰ã‚’é€šã‚ŠéããŸå¾Œã«,1
æ£’ã§ã¤ã¤ãè–¬ç‰©æœæŸ»ç­ã‹ãª,1
ã£ã¦äººã‚‚ã„ãŸã—,1
ã‚«ãƒ•ã‚§ã«å…¥ã£ãŸç¬é–“,1
é˜²å¼¾ãƒãƒ§ãƒƒã‚­ã‚’ç€ãŸè­¦å¯ŸãŒå…¥ã£ã¦ããŸã“ã¨ã‚‚ã‚ã‚‹,1
ç§ã¯ç”·æ€§ã«è¦‹ã‚‰ã‚Œã‚‹çµŒé¨“ã‚‚ã‚ã‚‹,1
å¥³æ€§ã ã‘ã©,1
å¹´é½¢ã‚‚ç§ãŒäºŒåæ­³ã®æ™‚ã¯å››åä»£ã¨ã—ã¦è©±ã—ã‹ã‘ã‚‰ã‚ŒãŸã“ã¨ã‚‚ã‚ã‚‹,1
ãã—ã¦,1
ç§ã¯ä¸­èº«ãŒç”·æ€§ã®å¥³æ€§ã¨ã—ã¦å‹˜é•ã„ã™ã‚‹äººé”ã‹ã‚‰ç¬‘ã‚ã‚Œã¦æ‚ªå£ã‚’ãšã£ã¨èã‹ã•ã‚Œã‚‹ã“ã¨ã‚‚ã‚ã‚‹,1
è¾›ã„çµŒé¨“ã‚’ã™ã‚‹åº¦ã«æ€ã†,1
å½¼ã‚‰ã¯æ±ºã‚ã¤ã‘ã¦è¡Œå‹•ã™ã‚‹ã®ã‹,1
è³ªå•ã—ã¦ãã‚Œãªã„ã®ã‹,1
ç§ã¯æ­£ç›´ã«è©±ã™ã®ã«,1
ã‚‚ã—ã‚‚äººé–“ã§ã¯ãªãã¦,1
ãƒ©ã‚¤ã‚ªãƒ³ã‚„ã†ã•ãã‚„ãƒãƒƒã‚¿ã¿ãŸã„ãªç”Ÿãç‰©ã«äººé–“ãŒå…¨ã¦å¤‰åŒ–ã—ãŸã‚‰,1
æ±ºã‚ã¤ã‘ã¦è¡Œå‹•ã§ãã‚‹ã®ã ã‚ã†ã‹,1
äººé–“ã«ã¯çŸ¥æµãªã‚“ã‹ãªã„,1
ä¹äººã¨åäºŒäººã®ãƒ¡ãƒ³ãƒãƒ¼ã§åˆè¨ˆ,1
ï¼’ï¼‘äººãƒ¡ãƒ³ãƒãƒ¼,1
september,1
è¬ã®æ•°å­—ã ,1
ï½ˆ,1
ï¼,1
ï½—ï½ˆï½™,1
ï½™ï½ˆï½—ï½ˆ,1
Â°,1
ï½…ï½„ï½„ï½‰ï½…ï½…,1
âœ–,1
ï¸civil,1
presumptive,1
nominee,1
claimed,1
substantive,1
underserved,1
rocked,1
wave,1
voting,1
prospective,1
satisfy,1
candidate,1
selected,1
sizable,1
promotion,1
effectiveness,1
https://www.youtube.com/watch?v=we7q3cqksbo&t=40,1
0:40,1
kay,1
manual,1
unable,1
obtain,1
1.7,1
studied,1
unhappy,1
resentful,1
hood,1
abraham,1
lincoln,1
https://www.youtube.com/watch?v=jvv8a0ue1fc,1
https://youtu.be/jvv8a0ue1fc,1
forgiveness,1
repent,1
complicity,1
timothy,1
supreme,1
congress,1
governor,1
church,1
household,1
peaceful,1
godliness,1
salvation,1
unrest,1
corruption,1
plague,1
plight,1
obey,1
directive,1
leading,1
https://www.youtube.com/watch?v=we7q3cqksbo&t=196,1
3:16,1
shall,1
perish,1
eternal,1
confess,1
saved,1
eliminate,1
hehe,1
git,1
ğŸ”«,1
circus,1
portland,1
score,1
mayor,1
wage-slave,1
factory,1
textile,1
gun,1
belly,1
12.1,1
http://vice.com/,1
vice.com,1
ğŸ‘†,1
ğŸ‘‡,1
ğŸ‘ˆ,1
ğŸ‘‰,1
facebook,1
shakedown,1
nfl,1
simpleton,1
moronic,1
marxism,1
suppress,1
hampster,1
beneficial,1
segragation,1
unite,1
serving,1
screwing,1
merit,1
victimization,1
ğŸ‘ŒğŸ¼,1
employable,1
application,1
optimal,1
inception,1
limb,1
fu,1
misappropriation,1
pump,1
underaged,1
buzz,1
logo,1
exclusive,1
quota,1
utterly,1
maggot,1
socialist,1
planwe,1
mid-level,1
l'oreal,1
fooled,1
controlled,1
anti,1
adhere,1
willfully,1
margin,1
canned,1
road,1
implemented,1
mistook,1
indicative,1
investigate,1
assertion,1
refuted,1
captain,1
sailor,1
merit-based,1
advancement,1
reuters,1
tearing,1
filing,1
serviced,1
appropriately,1
adopt,1
re-examine,1
routinely,1
structured,1
wal-mart,1
video's,1
sorta,1
infiltrated,1
zionist,1
homosexual,1
karen,1
resource,1
adidas,1
lately,1
pander,1
moonie,1
elected,1
centuries-long,1
victimhood,1
estate,1
afforded,1
reminding,1
alongside,1
besties,1
precise,1
pineapple,1
earliest,1
toy,1
continues,1
like.comment.subscribe,1
subliminal,1
beta,1
thangs,1
beasley,1
banger,1
four-part,1
docuseries,1
https://www.youtube.com/watch?v=fnblsgahjec&t=64,1
1:04,1
chica,1
dior,1
lanvin,1
prada,1
coat,1
hanger,1
placate,1
run-off-the-mill,1
equity,1
omgosh,1
modeled,1
eileen,1
weighed,1
weigh,1
hooray,1
pamola,1
omggg,1
yessssssssssssir,1
ğŸ’–,1
candice,1
huffine,1
g-d,1
relies,1
auto,1
mechanic,1
accepting,1
rejection,1
soak,1
draw,1
extravagant,1
stylish,1
1800s,1
slanty,1
oriental,1
resemble,1
peril,1
regal,1
marc,1
jacob,1
miraculous,1
row,1
seat,1
amuck,1
prison,1
shrink,1
ringer,1
fiery,1
melted,1
hoollaaa,1
ramp,1
2nd,1
mood,1
naive,1
naomi,1
ï¸please,1
objectifying,1
exuse,1
salvadoran-american,1
admire,1
haircolor,1
moulded,1
tough,1
fitted,1
nepotism,1
dare,1
acceptably,1
coasting,1
ğŸ§,1
og,1
night,1
bun,1
sleek,1
ponytail,1
touchups,1
continually,1
heat,1
sweetest,1
spoiled,1
abut,1
fail,1
@alek,1
https://www.youtube.com/watch?v=fnblsgahjec&t=177,1
2:57,1
agt,1
knoxville,1
tn,1
finalist,1
frederick,1
arkansas,1
diginty,1
freedom,1
grace,1
changer,1
tolerated,1
inheritage,1
jamaica,1
columbia,1
aproved,1
ğŸ¤´ğŸ¿,1
ğŸ†•,1
ğŸ†,1
ğŸ“°,1
ğŸˆ,1
taboo,1
compartmentalizing,1
hight,1
noting,1
puzzle,1
tremendous,1
look's,1
girly,1
dunno,1
perky,1
iman,1
teardrop,1
bottled,1
therell,1
swimming,1
. ... ..,1
confined,1
complicit,1
flipped,1
anorexic,1
https://www.instagram.com/_salemtovar_/,1
soundcloud,1
aaannnddd,1
ğŸ¤ŒğŸ¼,1
international,1
treasure,1
reaction,1
languge,1
Ğ½Ğ¸Ñ…ÑƒÑ,1
ÑĞµĞ±Ğµ,1
purposly,1
roof,1
crossed,1
kardashian,1
jenner,1
selective,1
daisy,1
marquez,1
gabriel,1
zamora,1
ğŸ˜¡,1
bless,1
mississippi,1
graduated,1
highschool,1
triggering,1
emotion,1
self-reflection,1
healing,1
gender-affirming,1
bigender,1
practicality,1
variety,1
overpriced,1
gwyneth,1
paltrow,1
girlies,1
copyright,1
lash,1
served,1
jeffree,1
zi,1
blackfishing,1
gr0ss,1
cultured,1
derived,1
crave,1
substance,1
empathy,1
removing,1
veil,1
reassurance,1
development,1
bombarded,1
huuuuge,1
sm,1
thatll,1
answered,1
carter,1
khloe,1
bye,1
contrapoins,1
natalie,1
influece,1
production,1
narration,1
rapidly,1
stalker,1
pedos,1
nonetheless,1
theme,1
ğŸ¥µ,1
bsf,1
):,1
fav,1
ytber,1
diehard,1
melanie,1
martinez,1
believing,1
istg,1
para-social,1
hug,1
damnn,1
melanated,1
dish,1
plenry,1
dawning,1
gren,1
listwning,1
malice,1
emulating,1
sponsers,1
entitlement,1
sweden,1
shaked,1
escorted,1
argentinian,1
ksrdashians,1
idol,1
kar-jenners,1
awfully,1
fakeness,1
deceitful,1
craziness,1
collectively,1
jenner's,1
minority's,1
benifit,1
benefiting,1
extremly,1
fellow,1
rootless,1
drink,1
cup,1
outrage,1
https://www.youtube.com/watch?v=dphuy7jn3rc&t=1709,1
28:29,1
forgotten,1
preteen,1
subscription,1
folder,1
scan,1
collage,1
shift,1
anti-aging,1
tab,1
per,1
indie,1
egyptian,1
drunk,1
consumed,1
ethiopian,1
b-b-b-brruuuuuh,1
mighty,1
cheek,1
frizzy,1
thigh,1
stubby,1
sensitivity,1
seeking,1
sheep,1
ğŸ¤¥,1
lift,1
reflection,1
non-hindus,1
spiritual,1
knowledgeable,1
expert,1
scriptural,1
ritual,1
singing,1
combatting,1
weapon,1
yoga,1
dhyaan,1
meditation,1
astrology,1
practising,1
priest,1
unnoticeable,1
nikita,1
dragun,1
everybodys,1
refocus,1
https://www.youtube.com/watch?v=dphuy7jn3rc&t=1022,1
17:02,1
cosmetologist,1
tip,1
inevitably,1
branch,1
kindly,1
ripping,1
bind,1
pleasing,1
emperor,1
tropical,1
ğŸ’µ,1
lasted,1
tourism,1
straightens,1
sayin,1
masterpiece,1
brava,1
aboriginal,1
copper,1
turtle,1
niiji,1
misnomer,1
non-existent,1
satanic,1
elite,1
jesuit,1
satanist,1
luciferians,1
kabbalah,1
determines,1
net,1
celeb,1
bot,1
celebs,1
rebelling,1
jehovah,1
sovereignty,1
heavenly,1
paradise,1
armageddon,1
shortly,1
earthly,1
psalm,1
37:10,1
"11,29",1
83:18,1
jer,1
https://www.youtube.com/watch?v=dphuy7jn3rc&t=1533,1
25:33,1
ezek,1
https://www.youtube.com/watch?v=dphuy7jn3rc&t=197,1
3:17,1
24:3,1
"14,36-",1
"39,42",1
rev,1
16:14,1
20:10,1
21:3-,1
isaiah,1
65:17-,1
gen,1
https://www.youtube.com/watch?v=dphuy7jn3rc&t=87,1
1:27,1
2:15-,1
5:19,1
lblood,1
reform,1
liar,1
mutt,1
conundrum,1
slate,1
effected,1
thirteen,1
depressing,1
shaming,1
bashing,1
noone,1
https://www.youtube.com/watch?v=dphuy7jn3rc&t=1500,1
25:00,1
ğŸ‘½,1
vibe,1
expectation,1
https://www.youtube.com/watch?v=dphuy7jn3rc&t=1230,1
20:30,1
shorter,1
contrasted,1
imaginable,1
denying,1
huzzah,1
socialisation,1
hijabi,1
pipe,1
mansion,1
ee,1
vanilla,1
dismissed,1
traditionally,1
dampen,1
thankfully,1
procrastinator,1
tutorial,1
puffy,1
flower,1
decoration,1
https://www.youtube.com/watch?v=dphuy7jn3rc&t=503,1
ayo,1
zendaya,1
tumblr,1
fanfics,1
reddit,1
abandon,1
vent,1
delete,1
awakening,1
rogan,1
atx,1
him.meeting,1
starstruck,1
phan,1
worshipped,1
afterwards,1
explicit,1
deliberate,1
superficially,1
intense,1
tnt,1
overcoming,1
emphasized,1
tackle,1
productively,1
treasonous,1
https://www.youtube.com/watch?v=_tjpqsz8acc,1
https://youtu.be/_tjpqsz8acc,1
charity,1
hashtag,1
http://www.youtube.com/results?search_query=%23pullupforchange,1
#pullupforchange,1
creator,1
proceed,1
randomize,1
spam,1
3-5,1
unbelievable,1
fiance,1
disguisted,1
ğŸ’”,1
vocabulary,1
demonisation,1
seed,1
sown,1
skin-tone,1
majored,1
sociology,1
uprooting,1
corporates,1
apparent,1
brighter,1
complexioned,1
at-least,1
tousand,1
misleading,1
ğŸŒ¸,1
marking,1
ğŸ¥²,1
casandra,1
prounouncing,1
pronounce,1
pausing,1
insensitive,1
ik,1
https://www.youtube.com/watch?v=c3_pxu9o7ku&t=287,1
4:47,1
loophole,1
split,1
undeveloped,1
heading,1
transparent,1
burning,1
spf,1
tissue,1
overexaggerated,1
sai,1
hipocritical,1
ğŸ¤,1
blast,1
http://www.youtube.com/results?search_query=%23black,1
#black,1
obviosly,1
politly,1
worried,1
apain,1
especifct,1
dependency,1
denay,1
campaign,1
analitic,1
touche,1
nivea-ad,1
pie,1
chart,1
proabbpy,1
powdery,1
snowy,1
self-tan,1
untanned,1
disguise,1
bronzer,1
self-tans,1
dope,1
ğŸ‘‘,1
ğŸ‘ğŸ½,1
tenor,1
philppines,1
shove,1
rank,1
spine,1
coward,1
bible,1
obscure,1
inkeylist,1
unthinkable,1
twenty-fucking-one,1
raising,1
malaysia,1
outright,1
meee,1
newly,1
wed,1
favort,1
ordinary,1
1.0,1
perfection,1
yucky,1
thankyou,1
pressurised,1
hue,1
irrespective,1
ghetto,1
horrified,1
subtle,1
avon's,1
bandwagon,1
terrorist,1
unsubscribed,1
someday,1
hotcake,1
standpoint,1
westerner,1
imtended,1
overseas,1
ages-old,1
shady,1
labelled,1
garnier,1
listens,1
producted,1
blackfish,1
moisturize,1
hhmm,1
gurl,1
pull-up,1
ceo's,1
ongoing,1
addressed.xx,1
solarium,1
(:,1
ğŸ˜•,1
linked,1
re-civilize,1
sickening,1
shook,1
mario,1
badescu,1
dehydration,1
evening,1
quebec,1
governmental,1
quebecers,1
mouthing,1
mentionning,1
beware,1
toothpaste,1
dentist,1
cancelled,1
positivity,1
repurchase,1
extend,1
advertised,1
misinterpretation,1
fairest,1
over-tanned,1
gyaryu,1
noble,1
marie,1
antoinette,1
ditch,1
paralleledads,1
continent,1
elbow,1
pigmentation,1
hani,1
country's,1
xo,1
aighewi,1
elsesser,1
filmed,1
distancing,1
stay-at-home,1
recommendation,1
jumping,1
9/11,1
privilged,1
unknown,1
unemployment,1
cheep,1
built,1
wit,1
conversion,1
dominated,1
royalty,1
akech,1
egypt,1
aduts,1
96/97,1
2000s,1
sendinggg,1
coverup,1
inbreds,1
tooth,1
deserving,1
activism,1
bully,1
trending,1
subtitel,1
resiliency,1
floyd's,1
favourite,1
kerolyn,1
amo,1
https://www.youtube.com/watch?v=x3pvi4actnq&t=95,1
1:35,1
https://www.youtube.com/watch?v=x3pvi4actnq&t=430,1
7:10,1
https://www.youtube.com/watch?v=x3pvi4actnq&t=26,1
0:26,1
perfomative,1
ol,1
mag,1
aiding,1
abetting,1
starving,1
flagrantly,1
disregard,1
ğŸ˜,1
âœ‹,1
mujeres,1
hermosas,1
impota,1
mirada,1
ignorante,1
mando,1
cariÃ±o,1
inmenso,1
buenos,1
aire,1
bellas,1
dentro,1
fuera,1
hears,1
charm,1
trendsetters,1
hip,1
hop,1
holder,1
truer,1
https://www.youtube.com/watch?v=x3pvi4actnq&t=429,1
7:09,1
hahahaahah,1
wintour,1
xenophobic,1
inhumane,1
monster,1
anyday,1
nepotist,1
hadids,1
hailey,1
bieber,1
supermodel,1
overglorifying,1
charismatic,1
backround,1
building,1
ridiculously,1
defining,1
constant,1
co-sign,1
rite,1
iv,1
shelf,1
https://www.youtube.com/watch?v=x3pvi4actnq&t=447,1
7:27,1
wholesome,1
crawford's,1
oooof,1
crawford,1
gomez,1
obv,1
bezos,1
refugee,1
interrupting,1
cheer,1
gyals,1
sheesh,1
dying,1
magnificent,1
pigeonholed,1
invisibility,1
perpetrator,1
nutrient,1
pizza,1
humorous,1
yearn,1
sking,1
plus-size,1
huh,1
https://www.youtube.com/watch?v=x3pvi4actnq&t=420,1
7:00,1
gradually,1
leveller,1
data-driven,1
innovation,1
farther,1
pique,1
jack,1
frostwell's,1
pursuit,1
algorithmic,1
captivated,1
litterally,1
trained,1
capacity,1
lifetime,1
lobotomy,1
self-censorship,1
forbid,1
contains,1
pseudo,1
urban,1
myth,1
https://www.youtube.com/watch?v=izvges1wpfq&t=396,1
6:36,1
reporter,1
pequenos,1
deuses,1
tolos,1
sÃ£o,1
coloridos,1
racistas,1
estamos,1
tolice,1
humana,1
especialmente,1
topo,1
pirataria,1
fraudulenta,1
hÃ¡,1
um,1
deus,1
criou,1
toda,1
ğŸŒ,1
ğŸŒ,1
ğŸŒ,1
âš ,1
â˜¢,1
â˜£,1
2.48,1
sub,1
38k,1
explains,1
controlling,1
hypocritism,1
slava,1
ukraina,1
ip-location,1
wholeheartedly,1
carefully,1
stake,1
correct.having,1
ï¼Œ,1
sobecause,1
highland,1
programmer,1
firm,1
assured,1
describe,1
conditioning,1
superiority,1
egoistic,1
https://www.youtube.com/watch?v=izvges1wpfq&t=324,1
05:24,1
paranoid,1
strictly,1
<i>,1
object,1
overexposed,1
limitation,1
projection,1
</i>,1
checking,1
developer,1
1.3,1
strenglehold,1
populace,1
upgrade,1
anonymity,1
racistism,1
regulation,1
interest,1
uber,1
driving,1
bmw,1
levelling,1
pondering,1
3:47,1
pm,1
pacific,1
february,1
saxialism,1
difficulty,1
coronavirus,1
https://www.youtube.com/watch?v=izvges1wpfq&t=326,1
5:26,1
mortgage,1
lender,1
favoured,1
sensor,1
albedo,1
lidar,1
headed,1
reactionary,1
anti--woke,1
article,1
https://www.youtube.com/watch?v=izvges1wpfq&t=298,1
4:58,1
intended,1
cheese,1
pulse,1
oximeter,1
meter,1
frequently,1
admission,1
mortality,1
rural,1
gentleman's,1
fundamental,1
min,1
summary,1
blimey,1
newborn,1
greatly,1
singular,1
sloppy,1
troubling,1
interviewed,1
rashida,1
richardson,1
horoscoping,1
vague,1
sophisticated,1
predisposed,1
nod,1
gospel,1
deceptive,1
ğŸ’©,1
conventional,1
misclassified,1
wich,1
misprogrammed,1
error,1
spoiler,1
completly,1
rational,1
https://www.youtube.com/watch?v=izvges1wpfq&t=28,1
audacity,1
aqa,1
onwards,1
newsaper,1
gal,1
csp,1
metroid,1
22nd,1
revsion,1
slow,1
procrastination,1
boredom,1
revising,1
san,1
junipero,1
bridge,1
gal-dem,1
alfie,1
deyes,1
educas,1
gq,1
gentlewoman,1
george's,1
podcast,1
capital,1
zendayaplease,1
pharrell,1
williams,1
burqa,1
bar,1
component,1
peaky,1
blinder,1
hell-lizzo,1
gcse,1
gf,1
doin,1
washed,1
neglected,1
sharetha,1
jackson-thomas,1
comeÃ§ou,1
terminou,1
ainda,1
mais,1
derogative,1
florida,1
wealthiest,1
white-latinos,1
assuming,1
anglo,1
saxon,1
rico's,1
marked,1
stoo,1
jajajajja,1
problema,1
colores,1
saludos,1
parte,1
mÃ­o,1
mÃ­,1
hija,1
foto,1
perfil,1
chau,1
plata,1
hmm,1
healthcare,1
serf,1
jedi-mind-trick,1
mental,1
defect,1
excepted,1
aid,1
brainwashed,1
freed,1
conferred,1
latter,1
ridiculez,1
zurda,1
eso,1
estupidez,1
opine,1
opining,1
happenned,1
contest,1
hugh,1
trademark,1
wesley,1
snipe,1
malcom,1
ğŸ¤¦ğŸ»â€â™‚,1
https://www.youtube.com/watch?v=wzsy1kyht8a&t=191,1
3:11,1
erica,1
demanded,1
bull,1
map,1
dumbass,1
quien,1
este,1
imbecil,1
cree,1
habla,1
clicking,1
trace,1
cÃ¡sate,1
guerito,1
mejor,1
raza,1
ay,1
lastima,1
saliÃ³,1
prietito,1
pongas,1
abajo,1
sol,1
luego,1
quemas,1
southeastern,1
occurs,1
appropriates,1
rasismo,1
porn,1
homogenous,1
plea,1
cringeworthy,1
unnecessary,1
incoherent,1
argentinx,1
absurd,1
americanize,1
refusing,1
adapting,1
homosexuality,1
ğŸ‡§ğŸ‡·,1
ğŸ‡©ğŸ‡´,1
worthy,1
thriving,1
boxed,1
boriqua,1
brief,1
xenophobia,1
imperialist,1
colonialist,1
onward,1
rom,1
colonizing,1
conquered,1
cue,1
defended,1
self-interested,1
shitheels,1
wannabe,1
cringe,1
face-palm,1
endured,1
tenet,1
feudalism,1
existing,1
gardener,1
libertards,1
textureism,1
bandalic,1
puertorrico,1
esta,1
camisa,1
se,1
hombre,1
ratchet,1
ef,1
puertorrican,1
arabic,1
taino,1
arawak,1
migrated,1
antilles,1
mut,1
homo,1
sapien,1
ricky,1
rainbow,1
reflected,1
rico,1
puerrtorrican,1
facepalm,1
mold,1
clueless,1
fck,1
whitewashed,1
socioeconomics,1
represents,1
nepalese,1
winning,1
haphazard,1
centries,1
coding,1
collective,1
nuanced,1
structural,1
afro-latinx,1
nye,1
arre,1
denial,1
soy,1
bouequa,1
pero,1
isla,1
somos,1
mismos,1
gente,1
internal,1
prefering,1
fetishize,1
ohh,1
becuase,1
swedish,1
h-white,1
graphic,1
fictional,1
18th,1
illustrating,1
inhabitant,1
syncretization,1
leather,1
weaving,1
belittle,1
obfuscating,1
whining,1
long-dead,1
horse,1
victimized,1
beating,1
popularity,1
embraced,1
mixture,1
dominican,1
slipping,1
obese,1
sweaty,1
mowing,1
lawn,1
partial,1
colorisim,1
coast,1
wtfffff,1
cited,1
damaging,1
booming,1
predicted,1
baking,1
sending,1
yuck,1
frantz,1
fanon,1
ngl,1
cleanliness,1
crusader,1
jerusalem,1
self-racism,1
brit,1
concensus,1
italy,1
https://www.youtube.com/watch?v=cjzvvgmg1nu&t=332,1
5:32,1
sammy,1
sosa,1
mj,1
illness,1
melinin,1
sun's,1
uv,1
ray,1
sunburn,1
asthetics,1
outweigh,1
upsetting,1
multiracial,1
mono-racial,1
long-standing,1
custom,1
contain,1
mercury,1
scripted,1
package,1
tamarind,1
soup,1
ot,1
vegetable,1
https://www.youtube.com/watch?v=cjzvvgmg1nu&t=10,1
0:10,1
misogynist,1
gluta,1
glutathione,1
primordial,1
armpit,1
leg,1
toe,1
stander,1
ğŸ¤¢,1
warrior,1
goth,1
optimistic,1
mole,1
asia's,1
footage,1
criterion,1
eligibility,1
https://www.youtube.com/watch?v=cjzvvgmg1nu&t=280,1
4:40,1
irritating,1
deodorant,1
applied,1
theway,1
pronounced,1
croatian,1
grassroot,1
rewriting,1
deepika,1
advertise,1
jovita,1
boom,1
non-whites,1
beach,1
product's,1
havent,1
reached,1
infancy,1
trope,1
influential,1
ğŸ»,1
halting,1
sauce,1
ethically,1
ping,1
phytochemically,1
press,1
abhorrent,1
glistening,1
glorious,1
boyfriend,1
cundiston,1
association,1
purity,1
innocence,1
civilization,1
2x,1
milky,1
exotic,1
telenovelas,1
stretch,1
limo,1
super-extra,1
promposals,1
time-honored,1
coming-of-age,1
heck,1
school's,1
homecoming,1
https://www.youtube.com/watch?v=yj7si1lhebg&t=410,1
6:50,1
tiara,1
idendtity,1
cram,1
teenager's,1
fundamentalist,1
guilt,1
https://www.youtube.com/watch?v=yj7si1lhebg&t=327,1
5:27,1
zatanas,1
youtube-ist,1
milennials,1
sigh,1
thoutght,1
thaf,1
pardon,1
desegregate,1
gee,1
behavioral,1
observed,1
mature,1
revealing,1
cancerous,1
sjw's,1
backbone,1
skipped,1
chapter,1
elitist,1
â˜•,1
attire,1
tranpeople,1
nonbinary,1
voted,1
intergrated,1
eh,1
connect,1
weirdly,1
comfy,1
âœŠ,1
tuxedo,1
wilcox,1
disagreed,1
confederate,1
flag,1
listing,1
sophomore,1
prom's,1
freakshow,1
recist,1
21st,1
embarrising,1
co-exist,1
amarica,1
fitting,1
artificially,1
echo,1
chamber,1
outraged,1
complement,1
compete,1
chivalry,1
no-one,1
buzzfeed,1
submit,1
cked,1
libs,1
stfu,1
talkin,1
rehab,1
jumpsuit,1
soft,1
ireland,1
calf,1
uproar,1
supervised,1
organised,1
committee,1
advance,1
carolina,1
snowflake,1
georgia,1
togethers,1
vise,1
versa,1
participate,1
wellp,1
not-so-distant,1
mimicked,1
magnified,1
heightened,1
conflict,1
communicate,1
controversy,1
mimicking,1
tense,1
america's,1
birmingham,1
sprayed,1
hose,1
washer,1
punishment,1
happeneds,1
failure,1
life.fucking,1
prom.good,1
diffrent,1
definitly,1
finnish,1
segrigated,1
ğŸ˜“,1
ğŸ˜¬,1
correctness,1
subtly,1
introduced,1
globalists,1
terrified,1
kido,1
preppy's,1
creative,1
throwing,1
concentration,1
camp,1
yikes,1
jacksonville,1
geesh,1
underwear,1
restored,1
sitting,1
drinking,1
beer,1
worthless,1
strength,1
clearers,1
https://twitter.com/chescaleigh,1
http://mtvother.com,1
produced,1
netflix,1
mon,1
stir,1
rasklart,1
ftw,1
uh,1
stupidest,1
mia,1
spends,1
daddy,1
singalong,1
@juno,1
correctional,1
caught,1
inmate,1
fined,1
confirms,1
https://www.youtube.com/watch?v=brkmg0xszwe&t=148,1
2:28,1
hotly,1
tipped,1
cage,1
movie's,1
redone,1
collar,1
spike,1
tricking,1
umm,1
bucket,1
clariece,1
atrocious,1
butchering,1
creation,1
refected,1
elderly,1
fin,1
rwanda,1
diamond,1
raisin,1
accurate,1
lmbo,1
shoehorn,1
hitter,1
shaka,1
kunta,1
kinte,1
haunted,1
realtor,1
reputation,1
cowardly,1
kent,1
evidently,1
ineffectual,1
timeless,1
apollo,1
lando,1
calrissian,1
pissed,1
amendment,1
reply,1
pyramid,1
pspsps,1
television,1
pspspsps,1
trolling,1
drivel,1
novel,1
cinematic,1
laqueefas,1
da'vontes,1
moviebob,1
screenrant,1
marvel,1
reassured,1
https://www.youtube.com/watch?v=brkmg0xszwe&t=125,1
2:05,1
designation,1
plausible,1
outstanding,1
denzel,1
washington,1
https://www.youtube.com/watch?v=brkmg0xszwe&t=181,1
3:01,1
shoot,1
finn,1
awakens,1
looooooooved,1
balck,1
brother's,1
outgrown,1
shiney,1
funniest,1
laughing,1
nigga,1
on-point,1
hahahahahaha,1
soooooo,1
sketch,1
bueller,1
portraying,1
tackling,1
dismissal,1
shooting,1
unified,1
waht,1
prince,1
bell,1
air,1
loooool,1
laugh,1
colorblind,1
thoroughly,1
theatre,1
flooded,1
wet,1
dre,1
conspiratorial,1
tin,1
foil,1
bueller's,1
clutch,1
unsettlingly,1
nostalgia,1
annie,1
polly,1
keshia,1
pulliam,1
pollyanna,1
skit,1
funny.lol,1
skillshare,1
https://skl.sh/t1j3,1
racism's,1
ğŸ¤,1
ğŸ¥,1
debase,1
absurdly,1
idolize,1
woth,1
mentioning,1
chloe,1
bennett,1
reminded,1
moderately,1
midtoned,1
distinctively,1
deliberately,1
tejanos,1
smoke,1
jane,1
virgin,1
commonly,1
pronunciation,1
weed,1
nickname,1
imdb,1
retconned,1
surname,1
dwayne,1
johnson,1
snl,1
timer,1
monologue,1
assumes,1
comedian,1
siding,1
golden,1
underwent,1
faked,1
splash,1
role-sheets,1
https://www.youtube.com/watch?v=02pb2jqgjjg&t=18,1
0:18,1
ğŸ’…ğŸ¾,1
caramel,1
https://www.youtube.com/watch?v=02pb2jqgjjg&t=147,1
2:27,1
affiliation,1
https://youtu.be/s6zqbits5ei?feature=shared,1
skincolour,1
invention,1
500yrs,1
michelangelo,1
sistane,1
chapel,1
requested,1
bibical,1
apposed,1
usual,1
semetic,1
lint,1
madness,1
varied,1
@t1j,1
ligher,1
chocale,1
caster,1
telephone,1
crashing,1
in-person,1
straining,1
sunlight,1
coal-coloured,1
pale-skinned,1
basing,1
longing,1
seek,1
hurtful,1
develop,1
resentment,1
1980s,1
insist,1
well-educated,1
lighter-skinned,1
affection,1
trophy,1
hierchy,1
ainu,1
baifumei,1
mating,1
arab,1
essay,1
vicious,1
perpetuated,1
colony,1
blancos,1
ti's,1
aspiration,1
bodybuilder,1
eye-opening,1
lmaoooo,1
attacked,1
engrained,1
motivates,1
legacy,1
odds,1
gaslit,1
unlikely,1
corner,1
woodwork,1
coincidence,1
imho,1
boney,1
eruption,1
fondness,1
rightfully,1
paler,1
latitude,1
aristocracy,1
youthful,1
nature's,1
revange,1
slowlier,1
largely,1
untouchable,1
south-east,1
surprisingly,1
mizrahi,1
personified,1
unsee,1
animated,1
immune,1
underlying,1
customizations,1
nyma,1
tang,1
speed,1
whoot,1
geryn,1
germanic,1
continuously,1
checkup,1
suspect,1
melanin-rich,1
adored,1
ğŸ˜¿,1
asexually,1
reproducing,1
goblin,1
lizard,1
inability,1
skintone,1
ghostly,1
white-sounding,1
interviewer,1
ironically,1
terminology,1
ğŸ’¯,1
https://www.youtube.com/watch?v=02pb2jqgjjg&t=204,1
3:24,1
spectacle,1
https://www.youtube.com/watch?v=r_dq3o4d_9a,1
https://youtu.be/r_dq3o4d_9a,1
muscular,1
agile,1
badass,1
volleyball,1
warlord,1
sheltered,1
bike,1
tannedness,1
self-reliance,1
connectedness,1
laziness,1
disconnectedness,1
ny,1
alienating,1
solve,1
shuts,1
engagement,1
grandma's,1
comedic,1
purple,1
blondish,1
tripping,1
tended,1
passed,1
granted,1
callback,1
doubly,1
bewildered,1
lolz,1
persian,1
negro,1
picturesque,1
nuclear,1
inviting,1
light-colored,1
paperbag,1
indoors,1
miscegenation,1
aesthetic,1
detail,1
amugst,1
inslaved,1
coolie,1
gyal,1
pose,1
smoothed,1
outlined,1
boi,1
entrenched,1
eradicated,1
bisexual,1
t1j,1
regarded,1
addition,1
alsomakes,1
colonist,1
aztec,1
mayan,1
inca,1
ladder,1
acceptability,1
southeast,1
greece,1
imperial,1
territory,1
turk,1
hasan,1
piker,1
hare,1
likelihood,1
choses,1
https://www.youtube.com/watch?v=02pb2jqgjjg&t=157,1
2:37,1
https://www.instagram.com/jubileemedia/,1
http://bit.ly/subscribejubilee,1
trixie's,1
https://www.youtube.com/watch?v=db-tkatgbtw&t=21,1
0:21,1
ole,1
tricia,1
martel,1
bothersome,1
professionally,1
bohemian,1
fermented,1
rice,1
water,1
optional,1
holiday,1
commitment,1
investment,1
symbol,1
ughhh,1
squeezed,1
vulnerable,1
stage,1
temperary,1
non-makeup,1
anxiety,1
alien,1
healthily,1
attracting,1
https://www.youtube.com/watch?v=db-tkatgbtw&t=30,1
0:30,1
anyhow,1
naturaly,1
window,1
personaly,1
ocassions,1
dressy,1
slowly,1
secure,1
negate,1
grooming,1
rolled,1
hafto,1
posture,1
cheat,1
similarly,1
12.24,1
commodity,1
mf,1
lmfaoo,1
therapist,1
ward,1
normalized,1
bae,1
brow,1
gel,1
gradual,1
consuming,1
adulthood,1
https://www.youtube.com/watch?v=db-tkatgbtw&t=915,1
15:15,1
flawlessly,1
silky,1
leap,1
brownness,1
win,1
glamorous,1
powder,1
judgment,1
uplifted,1
pro,1
existent,1
concealer,1
pimple,1
cent,1
duhhhh,1
breakout,1
ocassionally,1
varying,1
eyeliner,1
anime,1
realistically,1
dial,1
barred,1
designed,1
demi,1
adn,1
celebrating,1
redo,1
nicest,1
brushed,1
frumpy,1
tattoo,1
seldom,1
aged,1
ageing,1
loveee,1
lest,1
benefitted,1
moisturizer,1
impacted,1
baddie,1
overplayed,1
blurry,1
manly,1
oppresive,1
hbby,1
sleep,1
unrelatable,1
motherly,1
sisterly,1
graceful,1
walked,1
baffling,1
jubilee,1
scream,1
kinder,1
excite,1
bestie,1
exploitation,1
testing,1
glam,1
14yrold,1
wipe,1
passion,1
reliant,1
ğŸ«¶ğŸ¼,1
ğŸ’˜,1
combing,1
deff,1
discusses,1
lay,1
asleep,1
yessir,1
caribbean,1
spelling,1
oftentimes,1
auntie,1
incitefull,1
waltz,1
buisness,1
permeates,1
facet,1
centre,1
3yrs,1
quicker,1
dementia,1
significant,1
cuss,1
frightening,1
meanmugs,1
yay,1
inhumain,1
homogeny,1
occur,1
idiocracy,1
veteran,1
hellish,1
ingrown,1
requirement,1
waiver,1
stubble,1
active,1
1/8,1
1/4,1
justification,1
properly,1
civilian,1
sector,1
mid-twenties,1
kisser,1
grabbed,1
pulled,1
pulling,1
regret,1
eww,1
sensitive,1
adversity,1
stronger,1
srgument,1
sheet,1
disappearing,1
excelerated,1
apple,1
item,1
caged,1
fucked,1
whitest,1
globe,1
idaho,1
wyoming,1
doj,1
playbook,1
foregoing,1
bead,1
specialize,1
specialist,1
hoped,1
archaic,1
asinine,1
utter,1
pretend,1
mannequin,1
iron,1
banning,1
unprofessional,1
enact,1
legislation,1
enforce,1
arise,1
goddamn,1
persoin,1
goddam,1
cornrows,1
reinstate,1
athlete,1
geriatric,1
bathed,1
coworker,1
scalp,1
nurse,1
shampooing,1
schedule,1
https://www.youtube.com/watch?v=uf1c0tegfru&t=1103,1
18:23,1
scott,1
batman,1
viejo,1
iin,1
tgeir,1
butch,1
rudy,1
yearsclater,1
criticism,1
googling,1
everytime,1
shower,1
adventurous,1
conditioner,1
accommodation,1
lathe,1
drill,1
precaution,1
chair,1
blanket,1
quote,1
shirley,1
tample,1
damaged,1
halfer,1
whit,1
begging,1
weeding,1
rehearsal,1
informed,1
ruined,1
inherited,1
halfers,1
begged,1
lovingly,1
else's,1
theft,1
peer's,1
endurance,1
allot,1
lock,1
vendor,1
tint,1
ğŸ‘‹,1
surface,1
curriculum,1
ummm,1
nailed,1
notion,1
strongly,1
appreciating,1
commented,1
coworker's,1
puppet,1
carcinogen,1
relaxing,1
interferes,1
want's,1
assessment,1
dubbed,1
competing,1
compassionate,1
compassion,1
there'd,1
devaluing,1
angsty,1
messaging,1
polity,1
petulant,1
cha,1
laundry,1
detergent,1
petty,1
nightmare,1
whatsoever,1
everything's,1
becky,1
awkwardly,1
pet,1
ğŸ¤ª,1
burned,1
gotcha,1
gd,1
3/4,1
strait,1
vaguely,1
smiled,1
broadly,1
belongs,1
ğŸ¤¦ğŸ»,1
response,1
reconsider,1
friendship,1
provide,1
durag,1
bridging,1
disdain,1
he'd,1
we'd,1
deepening,1
applaud,1
o-o,1
louse,1
jackal,1
condescending,1
ewww,1
remotely,1
reprimand,1
generalize,1
commit,1
touched,1
darryl,1
depressed,1
oliver's,1
dermatologist,1
yo,1
cho,1
yer,1
gettin,1
screwed,1
https://www.youtube.com/watch?v=uf1c0tegfru&t=1130,1
18:50,1
collapsing,1
digging,1
clean,1
throguh,1
sewer,1
raggedy,1
closing,1
mortified,1
rejoin,1
explores,1
previous,1
newsletter,1
post,1
http://vox.com/,1
vox.com,1
colleague,1
viewership,1
ğŸ˜,1
pepo,1
rating,1
ğŸ˜,1
walsh,1
useless,1
crimination,1
mouse,1
glue,1
trap,1
ĞµĞ²Ñ€Ğ¾Ğ¿Ğµ,1
ÑÑˆĞ°,1
ĞºĞ¾Ğ½ĞµÑ†,1
Ğ¸Ğ»Ğ¸,1
Ğ¶Ğµ,1
Ğ¼Ğ°ÑÑ‚Ğ½Ğ¸Ğº,1
ĞºĞ°Ñ‡Ğ½ĞµÑ‚ÑÑ,1
Ğ²,1
Ğ´Ñ€ÑƒĞ³ÑƒÑ,1
ÑÑ‚Ğ¾Ñ€Ğ¾Ğ½Ñƒ,1
ÑÑ‚Ğ¸,1
Ğ¼Ğ¸Ğ»Ñ‹Ğµ,1
Ğ¼Ğ°Ğ»ÑŒÑ‡Ğ¸ĞºĞ¸,1
Ğ´ĞµĞ²Ğ¾Ñ‡ĞºĞ¸,1
ÑƒĞ¶Ğ°ÑĞ½ÑƒÑ‚ÑŒÑÑ,1
redneck,1
disempathetic,1
mildly,1
psychopath,1
remain,1
audio-description,1
holocaust,1
ahhhh,1
laurie,1
soyjacks,1
emergency,1
deserted,1
al,1
dozen,1
ceremony,1
graduate,1
schoolers,1
def,1
highly,1
divorce,1
https://www.youtube.com/watch?v=ho2iptpgruq&t=120,1
2:00,1
https://www.youtube.com/watch?v=ho2iptpgruq&t=123,1
2:03,1
puppy,1
loneliness,1
mannn,1
finish,1
prefers,1
commonality,1
comfortness,1
attachment,1
knowlege,1
tribals,1
resolved,1
.  .,1
dialogue,1
listening,1
flourish,1
corn,1
willem,1
dafoe,1
selfie,1
disclaimer,1
audio,1
description,1
hellow,1
samuel,1
poll,1
drum,1
roll,1
faberge,1
egg,1
coddled,1
pampered,1
reparation,1
cousin,1
reasonable,1
abolished,1
sin,1
aur,1
deleting,1
10/10,1
citizen,1
youll,1
slider,1
thingy,1
cleo,1
blue-red,1
ğŸŒ¼,1
canceling,1
premium,1
ğŸ‘ğŸ»,1
mÃ¡s,1
racista,1
creo,1
vuelto,1
poco,1
xenÃ³fobo,1
hacia,1
venezolanos,1
invasiÃ³n,1
estÃ¡,1
sufriendo,1
paÃ­s,1
hace,1
inevitable,1
rejecting,1
obliged,1
masculinized,1
heyyyy,1
spreader,1
darkkkk,1
vicitm,1
rishi,1
veda,1
vyas,1
wrongggggg,1
jewel,1
fabulous,1
trillion,1
apology,1
foregive,1
twenty,1
puzzled,1
starter,1
wrinkle,1
poem,1
hangover,1
equate,1
exceptional,1
denouncing,1
blank,1
cricket,1
self-reflective,1
bence,1
Ä±rkÃ§Ä±lÄ±ÄŸa,1
kesin,1
Ã§Ã¶zÃ¼m,1
az,1
iki,1
farklÄ±,1
renginde,1
Ã§ocuk,1
sahibi,1
olmak,1
coloured,1
propose,1
frustrated,1
fir,1
nair,1
mythology,1
charming,1
neel,1
megha,1
shyama,1
rain,1
cloud,1
desperately,1
pakistani,1
incarceration,1
outcome,1
prettiest,1
estimate,1
shapely,1
personable,1
well-spoken,1
spade,1
overlooked,1
offering,1
observe,1
humiliate,1
ironical,1
unappreciated,1
depression,1
sigmund,1
freud,1
converse,1
pasty,1
deity,1
shiva,1
willwe,1
prathysha,1
ji,1
@5,1
rewrite,1
iwanted,1
accomplished,1
relatable,1
grain,1
salt,1
haired,1
travel,1
nerd,1
barbie,1
chimney,1
presented,1
becoz,1
prize,1
convincing,1
rivalry,1
profound.accurately,1
duel,1
symptom,1
colorizim,1
castism,1
utopia,1
transcends,1
medical,1
clg,1
attribute,1
concieved,1
percieved,1
competence,1
sugarland,1
compton,1
subconsciously,1
radical,1
persistent,1
speedrunning,1
demise,1
fullest,1
seventy,1
hottest,1
shocked,1
5-8,1
manufacturer,1
artic,1
bbcs,1
thks,1
trdat,1
evrry,1
reactor,1
overload,1
earns,1
faking,1
hooker,1
inch,1
london,1
moved,1
resent,1
feminity,1
sgi,1
buddhist,1
nammyohorengekyo,1
til,1
bruno,1
sings,1
phifer,1
uncle,1
tom,1
offset,1
implication,1
marginalized,1
world-standard,1
mediterranean,1
dimple,1
yts,1
fckdup,1
depict,1
opioninon,1
ca,1
astagfirllah,1
oldest,1
yukub,1
experiment,1
melaninated,1
impostor,1
operator,1
hybrid,1
cooky,1
blaq,1
fufu,1
knocked,1
nfidence,1
jean,1
omfg,1
referenced,1
dijonay,1
unlikeable,1
unflattering,1
willie,1
lynch,1
accident,1
buffer,1
hued,1
prejudice,1
non-color,1
disney,1
favoritize,1
seemingly,1
beautifully,1
could've,1
peter,1
pan's,1
shadow,1
distinction,1
prick,1
kick,1
https://www.youtube.com/watch?v=x6v1ajdqxnk&t=114,1
1:54,1
https://www.youtube.com/watch?v=x6v1ajdqxnk&t=5,1
0:05,1
symbiosis,1
experiencing,1
seeked,1
drop,1
colorsim,1
beacuse,1
visible,1
empathize,1
popping,1
ğŸ‡¯ğŸ‡²,1
fetish,1
envy,1
bug,1
buts,1
envying,1
stunned,1
isolate,1
https://www.youtube.com/watch?v=x6v1ajdqxnk&t=80,1
1:20,1
sugar,1
heightism,1
ageism,1
preferential,1
interracial,1
approval,1
iat,1
affff,1
ğŸ¤¦ğŸ½â€â™‚,1
ğŸ¤¡,1
monroe,1
mansplaining,1
transwomen,1
beeing,1
apropiating,1
womenhood,1
cultist,1
excludes,1
rant,1
voicing,1
stasi,1
â¬†,1
marginalised,1
tick,1
bloody,1
borderline,1
mic,1
puerile,1
club,1
artifice,1
bombshell,1
quo,1
lecture,1
david,1
mutant,1
mmkay,1
rubbish,1
spouted,1
kek,1
shite,1
expecting,1
accessible,1
mb,1
authentic,1
tuned,1
kilt,1
ğŸ™ŒğŸ½,1
ğŸ™Œ,1
mind-blowing,1
ğŸ¦„,1
thando,1
hopa,1
madjozi,1
sika,1
osei,1
modiselle,1
bi-racial,1
halle,1
berry,1
weather,1
fly,1
ğŸ•Š,1
shomadjozi,1
refiloe,1
madjozi's,1
ashley,1
gram,1
https://www.youtube.com/watch?v=ehh6hqzwfdw&t=81,1
1:21,1
connie,1
transform,1
re-considered,1
behalf,1
imagining,1
slikour,1
onlife,1
doccie,1
pressurizes,1
shunning,1
lenient,1
social-psychological,1
reviewing,1
intersectional,1
provocative,1
linking,1
self-concept,1
presenter's,1
phenomenal,1
soror,1
wise,1
wordssssss,1
41/11,1
danger,1
kojic,1
acid,1
fill,1
partly,1
avoiding,1
skink,1
dancia,1
sunburnt,1
england,1
statistic,1
foolishness,1
ğŸ˜³,1
inferiority,1
brainwash,1
bait,1
conqueror,1
astonishing,1
picky,1
maintaining,1
chemically,1
fading,1
jo,1
dense,1
slippery,1
slope,1
illiterate,1
aunty,1
craze,1
prone,1
addi,1
daddi,1
kuddos,1
pple,1
bsebof,1
ununiformity,1
dermadiseases,1
bday,1
gifted,1
tought,1
worrying,1
caller,1
femily,1
soulezz,1
mindlezz,1
beingz,1
wud,1
thng,1
oof,1
ordering,1
hummmn,1
waving,1
remove,1
lightened,1
hydroquinone,1
fade,1
bf,1
locsin,1
yun,1
esoterica,1
mosquito,1
cleared,1
intensive,1
hoping,1
cozy,1
clickbait,1
warm,1
convinced,1
attached,1
secluded,1
introvert,1
skin-whitening,1
honey,1
darkenig,1
treadmill,1
camouflage,1
defending,1
challenged,1
explore,1
ğŸ‘‰ğŸ¼,1
https://www.youtube.com/playlist?list=pluxkl2ci02y6wjswpky2ytxbfkhmg1oj4,1
https://youtube.com/playlist?list=pluxkl2ci02y6wjswpky2ytxbfkhmg1oj4,1
otro,1
buenÃ­simo,1
nunca,1
entendÃ­,1
porque,1
caso,1
inglaterra,1
indios,1
dominan,1
mercado,1
sally,1
price,1
review,1
doc,1
abreast,1
educated,1
ğŸ«¶ğŸ»,1
invest,1
institute,1
documentary,1
commentary,1
lump,1
oppressive,1
ownership,1
relying,1
boycott,1
vietnamese,1
indefinitely,1
reciprocate,1
extracting,1
economy,1
nevertheless,1
